date,sp500,aqua_lake
2000-01-04,-0.0383446680784976,
2000-01-05,0.0019221829913671,
2000-01-06,0.0009556781096431,
2000-01-07,0.027090399268961,
2000-01-10,0.011189969413615,
2000-01-11,-0.0130625118764383,
2000-01-12,-0.004386371327394,
2000-01-13,0.0121697006185634,
2000-01-14,0.0106712999627225,
2000-01-18,-0.0068320715277113,
2000-01-19,0.0005222932212531,
2000-01-20,-0.0070953210740946,
2000-01-21,-0.0029123190810015,
2000-01-24,-0.0276335935917997,
2000-01-25,0.0060648004839856,
2000-01-26,-0.0042127212563867,
2000-01-27,-0.0039384279933456,
2000-01-28,-0.0274568290279029,
2000-01-31,0.0252175669743883,
2000-02-01,0.0106278192092452,
2000-02-02,-0.0001135574026174,
2000-02-03,0.0112481375900279,
2000-02-04,-0.0004210443716519,
2000-02-07,-9.127184878798822e-05,
2000-02-08,0.0122731987506357,
2000-02-09,-0.0208154221176454,
2000-02-10,0.0036268038470079,
2000-02-11,-0.0209693201435622,
2000-02-14,0.0020329505010301,
2000-02-15,0.0087126839521014,
2000-02-16,-0.0102564133818416,
2000-02-17,0.0004251484874857,
2000-02-18,-0.0303761857639563,
2000-02-22,0.0045168438064202,
2000-02-23,0.0063009068268355,
2000-02-24,-0.005335445992795,
2000-02-25,-0.0148290399672634,
2000-02-28,0.0110173273819143,
2000-02-29,0.0136270868675512,
2000-03-01,0.0093455138612184,
2000-03-02,0.001863462226787,
2000-03-03,0.0198370440495936,
2000-03-06,-0.0126954264499904,
2000-03-07,-0.0256310975711405,
2000-03-08,0.008173349533495,
2000-03-09,0.0256018083591595,
2000-03-10,-0.0047228669633927,
2000-03-13,-0.00820743877562,
2000-03-14,-0.0176854705695782,
2000-03-15,0.0242725156471208,
2000-03-16,0.0476460380110819,
2000-03-17,0.0041139002657062,
2000-03-20,-0.0053534493551604,
2000-03-21,0.0255658541356018,
2000-03-22,0.0045318665970788,
2000-03-23,0.0177990461914727,
2000-03-24,7.20105760438905e-05,
2000-03-27,-0.0023568379388013,
2000-03-28,-0.0105849651791277,
2000-03-29,0.0005239924076154,
2000-03-30,-0.0136557522069469,
2000-03-31,0.0071643043944145,
2000-04-03,0.004931344916619,
2000-04-04,-0.0074636217541091,
2000-04-05,-0.0049239564655378,
2000-04-06,0.0093923978223215,
2000-04-07,0.0099977420886305,
2000-04-10,-0.0078412073992635,
2000-04-11,-0.0025723483626483,
2000-04-12,-0.0222711884233682,
2000-04-13,-0.0181710595099099,
2000-04-14,-0.0582779367048854,
2000-04-17,0.0330835944403551,
2000-04-18,0.0286634073701399,
2000-04-19,-0.0098084882819323,
2000-04-20,0.0049528666132938,
2000-04-24,-0.0032624071712881,
2000-04-25,0.0332759546683789,
2000-04-26,-0.011134091282396,
2000-04-27,0.0026899935914734,
2000-04-28,-0.0085260559345867,
2000-05-01,0.0108920538022763,
2000-05-02,-0.0149565543589307,
2000-05-03,-0.0215655661272342,
2000-05-04,-0.0039078718057253,
2000-05-05,0.0163596412185571,
2000-05-08,-0.0059051959743032,
2000-05-09,-0.0084470455954464,
2000-05-10,-0.0205999160979477,
2000-05-11,0.0179024683789312,
2000-05-12,0.0093406793505121,
2000-05-15,0.0220977545302161,
2000-05-16,0.0094191893531314,
2000-05-17,-0.0124416726340155,
2000-05-18,-0.0073146066676795,
2000-05-19,-0.0210546897030174,
2000-05-22,-0.0044280043249306,
2000-05-23,-0.0191758423620386,
2000-05-24,0.0183352479474947,
2000-05-25,-0.012529951527866,
2000-05-26,-0.0025334413910176,
2000-05-30,0.0322418622450335,
2000-05-31,-0.0013005558363676,
2000-06-01,0.0198578653333969,
2000-06-02,0.0196367708818154,
2000-06-05,-0.0065188286551806,
2000-06-06,-0.0066706452102562,
2000-06-07,0.0092740080175004,
2000-06-08,-0.0065857040443673,
2000-06-09,-0.0032292464314976,
2000-06-12,-0.0075156673453796,
2000-06-13,0.0162101946101314,
2000-06-14,0.0007486509827663,
2000-06-15,0.0055693426827543,
2000-06-16,-0.0096501861189873,
2000-06-19,0.0147085202989849,
2000-06-20,-0.0067631553352119,
2000-06-21,0.002154580992677,
2000-06-22,-0.0182201368932477,
2000-06-23,-0.0073682827517457,
2000-06-26,0.0095943601800856,
2000-06-27,-0.0032707873744957,
2000-06-28,0.0029436402173004,
2000-06-29,-0.008543965644911,
2000-06-30,0.0084650897562377,
2000-07-03,0.010270908653456,
2000-07-05,-0.015862145960052,
2000-07-06,0.007218812787423,
2000-07-07,0.0152608207748552,
2000-07-10,-0.0022178844024122,
2000-07-11,0.0035646099829429,
2000-07-12,0.0081303272532555,
2000-07-13,0.0019558461197182,
2000-07-14,0.0094528926700279,
2000-07-17,0.0003377592896738,
2000-07-18,-0.0110891168483685,
2000-07-19,-0.0078862649282266,
2000-07-20,0.0091837739954543,
2000-07-21,-0.0102837081749166,
2000-07-24,-0.0107417986698682,
2000-07-25,0.0069521279043478,
2000-07-26,-0.0149544766566508,
2000-07-27,-0.001927850582755,
2000-07-28,-0.0205088095976122,
2000-07-31,0.007704780858649,
2000-08-01,0.0050809807975338,
2000-08-02,0.0004172001920055,
2000-08-03,0.0096337720805408,
2000-08-04,0.00713911624916,
2000-08-07,0.0112034697329168,
2000-08-08,0.0023525015989898,
2000-08-09,-0.0066968258591475,
2000-08-10,-0.0085683021305511,
2000-08-11,0.0079369736828025,
2000-08-14,0.0133982587994523,
2000-08-15,-0.0047802331805094,
2000-08-16,-0.0030854118815165,
2000-08-17,0.0109605507117049,
2000-08-18,-0.0029076017446426,
2000-08-21,0.0052020552905565,
2000-08-22,-0.0009002958382381,
2000-08-23,0.0052331678791293,
2000-08-24,0.001553874204764,
2000-08-25,-0.0012332394200229,
2000-08-28,0.0050715356607062,
2000-08-29,-0.002806966624138,
2000-08-30,-0.0048018334155441,
2000-08-31,0.0100427183954918,
2000-09-01,0.0020359797262652,
2000-09-05,-0.0090020603383423,
2000-09-06,-0.0098401919520647,
2000-09-07,0.0068755300825096,
2000-09-08,-0.0053310857921502,
2000-09-11,-0.0035061828266143,
2000-09-12,-0.0048816321418542,
2000-09-13,0.0019703533522859,
2000-09-14,-0.0027207298553489,
2000-09-15,-0.0101696547118207,
2000-09-18,-0.014531247553697,
2000-09-19,0.0106541419196772,
2000-09-20,-0.0058634553398172,
2000-09-21,-0.0015777950350132,
2000-09-22,-0.0002277893198147,
2000-09-25,-0.0066886227857734,
2000-09-26,-0.0082139136214901,
2000-09-27,-0.000448437627227,
2000-09-28,0.0222352173168591,
2000-09-29,-0.0149353206244738,
2000-10-02,-0.0001949372402358,
2000-10-03,-0.0068025453194211,
2000-10-04,0.0055101338746281,
2000-10-05,0.0013665591229374,
2000-10-06,-0.0190005002547168,
2000-10-09,-0.0049396808960596,
2000-10-10,-0.0107059117508008,
2000-10-11,-0.0161713986785265,
2000-10-12,-0.0255094478160784,
2000-10-13,0.0333814718753964,
2000-10-16,0.0003274348570305,
2000-10-17,-0.0179322463674487,
2000-10-18,-0.0058075112709574,
2000-10-19,0.0347432847139752,
2000-10-20,0.0058829775395758,
2000-10-23,-0.0008232512508464,
2000-10-24,0.0016836288932442,
2000-10-25,-0.023767446770113,
2000-10-26,-0.0003370818371917,
2000-10-27,0.0110961385613159,
2000-10-30,0.013830353247205,
2000-10-31,0.0219781715950753,
2000-11-01,-0.0057227183232284,
2000-11-02,0.0049956908376576,
2000-11-03,-0.0011412043128343,
2000-11-06,0.0038550772949157,
2000-11-07,-0.0002233965480502,
2000-11-08,-0.0157765480786289,
2000-11-09,-0.006485591549181,
2000-11-10,-0.0243975844003464,
2000-11-13,-0.0107761247701988,
2000-11-14,0.0234521418359348,
2000-11-15,0.0049604885672558,
2000-11-16,-0.0125845342653402,
2000-11-17,-0.0033519702153833,
2000-11-20,-0.0183516919571146,
2000-11-21,0.0035229480314249,
2000-11-22,-0.0185475122924222,
2000-11-24,0.0146783284390801,
2000-11-27,0.0053660098728323,
2000-11-28,-0.0095480293576135,
2000-11-29,0.004371028927711,
2000-11-30,-0.0201054462298183,
2000-12-01,0.0002129581408216,
2000-12-04,0.007405541524307,
2000-12-05,0.0389216884153293,
2000-12-06,-0.0182196502922508,
2000-12-07,-0.0058528645598112,
2000-12-08,0.0196047522332991,
2000-12-11,0.0075261053173552,
2000-12-12,-0.0065352106796403,
2000-12-13,-0.0081609001285264,
2000-12-14,-0.0140147623587676,
2000-12-15,-0.0214627371630817,
2000-12-18,0.0080706974227595,
2000-12-19,-0.0129579620900404,
2000-12-20,-0.0312959452478734,
2000-12-21,0.0080016408078564,
2000-12-22,0.0243869649824635,
2000-12-26,0.0070753019486571,
2000-12-27,0.0104396346921431,
2000-12-28,0.0039881456991783,
2000-12-29,-0.0104480083586994,
2001-01-02,-0.0280319393949591,
2001-01-03,0.0500986059706933,
2001-01-04,-0.0105524742164567,
2001-01-05,-0.0262423621366874,
2001-01-08,-0.0019178112844737,
2001-01-09,0.003812189227544,
2001-01-10,0.0095863854820417,
2001-01-11,0.0103177005157315,
2001-01-12,-0.0062328709212333,
2001-01-16,0.0061430930082149,
2001-01-17,0.002125614319653,
2001-01-18,0.0139153199452979,
2001-01-19,-0.0040282289358365,
2001-01-22,0.0002681375162665,
2001-01-23,0.0130314987577988,
2001-01-24,0.002866821776001,
2001-01-25,-0.0049769396903066,
2001-01-26,-0.0018858487785236,
2001-01-29,0.0068047478546813,
2001-01-30,0.0070078774752957,
2001-01-31,-0.0056197148004957,
2001-02-01,0.0054611319713389,
2001-02-02,-0.0174739896116647,
2001-02-05,0.0035866584627319,
2001-02-06,-0.0015137219243971,
2001-02-07,-0.0084081426908114,
2001-02-08,-0.006234654043385,
2001-02-09,-0.0133355490237068,
2001-02-12,0.0118272906938332,
2001-02-13,-0.0086521256388845,
2001-02-14,-0.0021838070793003,
2001-02-15,0.0081235493413414,
2001-02-16,-0.0189052972098963,
2001-02-20,-0.0173565629544704,
2001-02-21,-0.0185074537972236,
2001-02-22,-0.0019518296494506,
2001-02-23,-0.0055554359252627,
2001-02-26,0.0174899581965073,
2001-02-27,-0.0076599083507301,
2001-02-28,-0.0143091092090436,
2001-03-01,0.0010404044739755,
2001-03-02,-0.0056797909080072,
2001-03-05,0.0058581245475575,
2001-03-06,0.0099805981160967,
2001-03-07,0.0064523572382007,
2001-03-08,0.0022584976129884,
2001-03-09,-0.024763940834399,
2001-03-12,-0.0431807558398867,
2001-03-13,0.014828497401341,
2001-03-14,-0.025842119098001,
2001-03-15,0.0058712943967202,
2001-03-16,-0.0196240738837613,
2001-03-19,0.0176266840329832,
2001-03-20,-0.024077401171648,
2001-03-21,-0.0179237021549316,
2001-03-22,-0.0040637162334672,
2001-03-23,0.0199090900650613,
2001-03-26,0.0112823717987504,
2001-03-27,0.0255750496990523,
2001-03-28,-0.0244296537801194,
2001-03-29,-0.0046303078234907,
2001-03-30,0.0107844465433135,
2001-04-02,-0.0124619388321802,
2001-04-03,-0.0343931112147299,
2001-04-04,-0.0029011089879656,
2001-04-05,0.0436799831463856,
2001-04-06,-0.0199835761014253,
2001-04-09,0.0081173946752408,
2001-04-10,0.0270660255343386,
2001-04-11,-0.0021311475923663,
2001-04-12,0.0151043281358513,
2001-04-16,-0.0032276690232889,
2001-04-17,0.0102824531487626,
2001-04-18,0.0388904047685476,
2001-04-19,0.0125427301785359,
2001-04-20,-0.008542750949638,
2001-04-23,-0.0149801247081755,
2001-04-24,-0.0121614678906399,
2001-04-25,0.0159408912696414,
2001-04-26,0.0046958449898271,
2001-04-27,0.0150099058773554,
2001-04-30,-0.0028650794068301,
2001-05-01,0.0135898556173097,
2001-05-02,0.000781807547532,
2001-05-03,-0.0148726926594949,
2001-05-04,0.0144404282716879,
2001-05-07,-0.0024474586666685,
2001-05-08,-0.0018282867376558,
2001-05-09,-0.0044877198925641,
2001-05-10,-0.000286717540152,
2001-05-11,-0.0075766100150401,
2001-05-14,0.0026090376145728,
2001-05-15,0.0004162776179772,
2001-05-16,0.02845278724491,
2001-05-17,0.0027237566258095,
2001-05-18,0.0026930521225809,
2001-05-21,0.0161537475991464,
2001-05-22,-0.0026278735916742,
2001-05-23,-0.0155263987374749,
2001-05-24,0.0031961482961293,
2001-05-25,-0.0118159474605964,
2001-05-29,-0.0077940674262487,
2001-05-30,-0.015655514748746,
2001-05-31,0.0062015179370733,
2001-06-01,0.0038620963702495,
2001-06-04,0.0051083480861462,
2001-06-05,0.0129901595976558,
2001-06-06,-0.0105486397771565,
2001-06-07,0.0054565100672947,
2001-06-08,-0.0093973189192165,
2001-06-11,-0.0083559532439499,
2001-06-12,0.0011638811856367,
2001-06-13,-0.0113468967448531,
2001-06-14,-0.0175015954381725,
2001-06-15,-0.0045168827724921,
2001-06-18,-0.0048831744393391,
2001-06-19,0.003434127056842,
2001-06-20,0.0087087523927977,
2001-06-21,0.0113642136203497,
2001-06-22,-0.0094500283801823,
2001-06-25,-0.0055086302970481,
2001-06-26,-0.0015099014091377,
2001-06-27,-0.0046764057257754,
2001-06-28,0.0124930892135286,
2001-06-29,-0.0014842165727727,
2001-07-02,0.0100785424223694,
2001-07-03,-0.0018355161920441,
2001-07-05,-0.0123212455256376,
2001-07-06,-0.0234982650204534,
2001-07-09,0.0068789958858082,
2001-07-10,-0.0143979790652239,
2001-07-11,-0.0011341033568301,
2001-07-12,0.0236912671499431,
2001-07-13,0.0062410308168578,
2001-07-16,-0.0108828819710226,
2001-07-17,0.0099713008617863,
2001-07-18,-0.005541633010651,
2001-07-19,0.0060528262829557,
2001-07-20,-0.0034320783841251,
2001-07-23,-0.0163686226111302,
2001-07-24,-0.0162716341369272,
2001-07-25,0.0160798578310399,
2001-07-26,0.0104495321914579,
2001-07-27,0.0024023779015329,
2001-07-30,-0.0010780438338352,
2001-07-31,0.005570651237587,
2001-08-01,0.0038804135614018,
2001-08-02,0.0039639996349727,
2001-08-03,-0.0052426986803706,
2001-08-06,-0.0114217444690893,
2001-08-07,0.0032653971820353,
2001-08-08,-0.0173281257839069,
2001-08-09,-8.447236949016279e-05,
2001-08-10,0.0056868426212826,
2001-08-13,0.0009494562498826,
2001-08-14,-0.0038278323869295,
2001-08-15,-0.007339463130492,
2001-08-16,0.0030899429450153,
2001-08-17,-0.0166630527453113,
2001-08-20,0.0081241888470233,
2001-08-21,-0.0120794802854591,
2001-08-22,0.0069561280612775,
2001-08-23,-0.002763292695957,
2001-08-24,0.0196543198568126,
2001-08-27,-0.0048273674513726,
2001-08-28,-0.0150100081904015,
2001-08-29,-0.0111492376845621,
2001-08-30,-0.0170039251763524,
2001-08-31,0.0040299430836627,
2001-09-04,-0.00056459594669,
2001-09-05,-0.0010591480872195,
2001-09-06,-0.0223902716515873,
2001-09-07,-0.0186370161444163,
2001-09-10,0.006225947782446,
2001-09-17,-0.0492156054778455,
2001-09-18,-0.0058049704780621,
2001-09-19,-0.0161124918234851,
2001-09-20,-0.0310599333893247,
2001-09-21,-0.0190342603171107,
2001-09-24,0.0389832521121684,
2001-09-25,0.0087896828112241,
2001-09-26,-0.0051666466486166,
2001-09-27,0.0114891241427006,
2001-09-28,0.0219219881758576,
2001-10-01,-0.0022958986230237,
2001-10-02,0.0123055285019562,
2001-10-03,0.0199272104076693,
2001-10-04,-0.002471392119277,
2001-10-05,0.0016360797584318,
2001-10-08,-0.0083444374879297,
2001-10-09,-0.0053555416965205,
2001-10-10,0.0229382448397208,
2001-10-11,0.0152083401558584,
2001-10-12,-0.0052668771711964,
2001-10-15,-0.0015298345696541,
2001-10-16,0.0069359609618691,
2001-10-17,-0.0186326443813891,
2001-10-18,-0.0078730475056386,
2001-10-19,0.004557317621906,
2001-10-22,0.0152960877185082,
2001-10-23,-0.0046976741008333,
2001-10-24,0.0003871032501143,
2001-10-25,0.0137209872082635,
2001-10-26,0.0041087726201369,
2001-10-29,-0.02381830408229,
2001-10-30,-0.0171659175808638,
2001-10-31,-9.445045958234031e-06,
2001-11-01,0.0229481077362798,
2001-11-02,0.0028594923491829,
2001-11-05,0.0143855917502382,
2001-11-06,0.0145261506907159,
2001-11-07,-0.0027348699242971,
2001-11-08,0.0024556283513812,
2001-11-09,0.0015824373463944,
2001-11-12,-0.001767459395614,
2001-11-13,0.0185634030933621,
2001-11-14,0.0018611305347253,
2001-11-15,0.0009025765040018,
2001-11-16,-0.0031429172949687,
2001-11-19,0.0108989012546445,
2001-11-20,-0.0072976421615434,
2001-11-21,-0.0049271040505536,
2001-11-23,0.0117058795110875,
2001-11-26,0.0061547701856565,
2001-11-27,-0.0068428432588011,
2001-11-28,-0.0182513966670291,
2001-11-29,0.0103497779733463,
2001-11-30,-0.0006577793651273,
2001-12-03,-0.0083811726421075,
2001-12-04,0.0131870290221378,
2001-12-05,0.0223182439448414,
2001-12-06,-0.0027769471250451,
2001-12-07,-0.0075314173387541,
2001-12-10,-0.0158679489541226,
2001-12-11,-0.0027809109295721,
2001-12-12,0.0002726490382973,
2001-12-13,-0.0155574786441087,
2001-12-14,0.003314299809999,
2001-12-17,0.0100348323591497,
2001-12-18,0.0075461570438744,
2001-12-19,0.0058096930608693,
2001-12-20,-0.008377122022309,
2001-12-21,0.0043511098960442,
2001-12-24,-0.0002096185933184,
2001-12-26,0.0041235055278499,
2001-12-27,0.006751533273525,
2001-12-28,0.0033617783931128,
2001-12-31,-0.0111454266583507,
2002-01-02,0.0057400948913624,
2002-01-03,0.0091800905735106,
2002-01-04,0.0062131438319226,
2002-01-07,-0.0064988742558459,
2002-01-08,-0.0035883677071427,
2002-01-09,-0.0047987408366545,
2002-01-10,0.0012206608392113,
2002-01-11,-0.0094678766848721,
2002-01-14,-0.0062761361378107,
2002-01-15,0.0068340114659728,
2002-01-16,-0.0162451217241906,
2002-01-17,0.0100304718398822,
2002-01-18,-0.0099220714910064,
2002-01-22,-0.0073342004853236,
2002-01-23,0.0079245201533624,
2002-01-24,0.0035189158770061,
2002-01-25,0.0009981052496972,
2002-01-28,-0.0001941009260186,
2002-01-29,-0.0286128203879583,
2002-01-30,0.0117476481579266,
2002-01-31,0.014933956271208,
2002-02-01,-0.0070783935105509,
2002-02-04,-0.0247371332859497,
2002-02-05,-0.0040385239132636,
2002-02-06,-0.0059723763316058,
2002-02-07,-0.0030825426532377,
2002-02-08,0.0148587038196228,
2002-02-11,0.0143401608465882,
2002-02-12,-0.0039929687215254,
2002-02-13,0.0099413180727991,
2002-02-14,-0.0018149406613717,
2002-02-15,-0.0110167015736801,
2002-02-19,-0.018873813034917,
2002-02-20,0.0135137769401427,
2002-02-21,-0.0155103276924999,
2002-02-22,0.0082242611129217,
2002-02-25,0.0179751968224799,
2002-02-26,-4.511219788716492e-05,
2002-02-27,0.0004597250386524,
2002-02-28,-0.0028471597527511,
2002-03-01,0.0226342913539896,
2002-03-04,0.0194913640039595,
2002-03-05,-0.0066733268043812,
2002-03-06,0.0145095753313468,
2002-03-07,-0.0044978631895397,
2002-03-08,0.0058486266589388,
2002-03-11,0.0033925251634825,
2002-03-12,-0.0022940558510388,
2002-03-13,-0.0098577452148944,
2002-03-14,-0.0009097442910928,
2002-03-15,0.0113786119065344,
2002-03-18,-0.0005230717343109,
2002-03-19,0.0040667410542694,
2002-03-20,-0.0157568319485437,
2002-03-21,0.0015106049149238,
2002-03-22,-0.0042389538686392,
2002-03-25,-0.0146513073649198,
2002-03-26,0.0058487239221338,
2002-03-27,0.0053491606184949,
2002-03-28,0.0024551003002324,
2002-04-01,-0.0007407904680065,
2002-04-02,-0.0085300372980187,
2002-04-03,-0.0099933013599806,
2002-04-04,0.0008352064917889,
2002-04-05,-0.0032050583847775,
2002-04-08,0.0022802086327837,
2002-04-09,-0.0066560530835366,
2002-04-10,0.0113346943295296,
2002-04-11,-0.023689288517959,
2002-04-12,0.0066323594016344,
2002-04-15,-0.0076146577106759,
2002-04-16,0.0234183893207442,
2002-04-17,-0.0020383817702331,
2002-04-18,-0.0014208492032046,
2002-04-19,0.0006225806472623,
2002-04-22,-0.0154110820706028,
2002-04-23,-0.006201308314187,
2002-04-24,-0.0071028434879717,
2002-04-25,-0.0015185924560828,
2002-04-26,-0.0138894294453085,
2002-04-29,-0.0100992229630836,
2002-04-30,0.0107654918570521,
2002-05-01,0.0088585192984596,
2002-05-02,-0.0017487090293788,
2002-05-03,-0.0102622301039222,
2002-05-06,-0.0193398812469018,
2002-05-07,-0.003020940634939,
2002-05-08,0.0375039168718249,
2002-05-09,-0.0145474272631439,
2002-05-10,-0.0167938969508645,
2002-05-13,0.01855000382992,
2002-05-14,0.0211435094031486,
2002-05-15,-0.0056595243164973,
2002-05-16,0.0065623970342507,
2002-05-17,0.0076122355974967,
2002-05-20,-0.0132930546922097,
2002-05-21,-0.0109902186562047,
2002-05-22,0.0056858304817892,
2002-05-23,0.0101839158804928,
2002-05-24,-0.012086639348795,
2002-05-28,-0.0085529865847894,
2002-05-29,-0.0064119997537123,
2002-05-30,-0.0028098832062258,
2002-05-31,0.0023293637303298,
2002-06-03,-0.0247952101638856,
2002-06-04,9.5011865339778e-06,
2002-06-05,0.0088499779246133,
2002-06-06,-0.0197637865677546,
2002-06-07,-0.0015741097787077,
2002-06-10,0.003123958274676,
2002-06-11,-0.0166288441419063,
2002-06-12,0.0065706731847912,
2002-06-13,-0.0104875346525531,
2002-06-14,-0.0022682931503641,
2002-06-17,0.0286914371059228,
2002-06-18,0.0009361115087169,
2002-06-19,-0.0165358815317485,
2002-06-20,-0.0134315163268251,
2002-06-21,-0.0170427647630216,
2002-06-24,0.0036192611780647,
2002-06-25,-0.0167015437827288,
2002-06-26,-0.0026737817448273,
2002-06-27,0.0175752003910141,
2002-06-28,-0.0008277550998277,
2002-07-01,-0.0213877096376189,
2002-07-02,-0.0212254137618285,
2002-07-03,0.0062229990947955,
2002-07-05,0.0367299860807672,
2002-07-08,-0.012183703700778,
2002-07-09,-0.024718995129582,
2002-07-10,-0.0339620349971273,
2002-07-11,0.007496197196734,
2002-07-12,-0.0064483221370499,
2002-07-15,-0.0037552197415298,
2002-07-16,-0.0185090261457182,
2002-07-17,0.0056607272094892,
2002-07-18,-0.0270186537707183,
2002-07-19,-0.0383524634196511,
2002-07-22,-0.0329106746258478,
2002-07-23,-0.0270170934177023,
2002-07-24,0.057327290671874,
2002-07-25,-0.0056317655777577,
2002-07-26,0.0168837152469922,
2002-07-29,0.0540781314958185,
2002-07-30,0.004249362853574,
2002-07-31,0.0097919377184245,
2002-08-01,-0.0295737501558317,
2002-08-02,-0.023082295492101,
2002-08-05,-0.0342960462179022,
2002-08-06,0.0299185627470823,
2002-08-07,0.020010019033323,
2002-08-08,0.0327223807866341,
2002-08-09,0.0035120188618082,
2002-08-12,-0.0053266714842417,
2002-08-13,-0.0216751118443253,
2002-08-14,0.0400470162796076,
2002-08-15,0.0115591276171174,
2002-08-16,-0.0015909491736092,
2002-08-19,0.023611865386061,
2002-08-20,-0.013958156475084,
2002-08-21,0.0127262758488539,
2002-08-22,0.0140516000898529,
2002-08-23,-0.0226862226846756,
2002-08-26,0.0075356875261514,
2002-08-27,-0.0138509464779087,
2002-08-28,-0.0181318457823213,
2002-08-29,-7.627150314437614e-05,
2002-08-30,-0.0018849209977764,
2002-09-03,-0.0415361134943281,
2002-09-04,0.0175166904406387,
2002-09-05,-0.0159503017803764,
2002-09-06,0.0168002708137757,
2002-09-09,0.0101128056597081,
2002-09-10,0.0073314376673345,
2002-09-11,-0.0001429284728884,
2002-09-12,-0.0247842528560754,
2002-09-13,0.0032698069723813,
2002-09-16,0.0014497230092751,
2002-09-17,-0.0197283767661736,
2002-09-18,-0.0046478586269521,
2002-09-19,-0.0300646539091358,
2002-09-20,0.0024545929258652,
2002-09-23,-0.0138279400499752,
2002-09-24,-0.0172844356107663,
2002-09-25,0.0248629858334574,
2002-09-26,0.018209798670334,
2002-09-27,-0.0322592159729276,
2002-09-30,-0.0146125263082571,
2002-10-01,0.0400229892492245,
2002-10-02,-0.0235874097881272,
2002-10-03,-0.0108223855589861,
2002-10-04,-0.0224311555569567,
2002-10-07,-0.0191111287645988,
2002-10-08,0.0168983776500408,
2002-10-09,-0.0272869305120984,
2002-10-10,0.0349657201749178,
2002-10-11,0.0390586439963784,
2002-10-14,0.0073265276343514,
2002-10-15,0.0473355402337403,
2002-10-16,-0.0241129273991448,
2002-10-17,0.0223017979119082,
2002-10-18,0.0059030964164545,
2002-10-21,0.0173339316373686,
2002-10-22,-0.0106255255744992,
2002-10-23,0.0067179402403159,
2002-10-24,-0.0152208521274307,
2002-10-25,0.0171671664748582,
2002-10-28,-0.0082660766930362,
2002-10-29,-0.009076256958267,
2002-10-30,0.0097035621172028,
2002-10-31,-0.0055573779175274,
2002-11-01,0.0171604182165021,
2002-11-04,0.008202310239139,
2002-11-05,0.0077503597200614,
2002-11-06,0.0091436382123986,
2002-11-07,-0.0228522398982377,
2002-11-08,-0.0087631240965424,
2002-11-11,-0.0207322663516018,
2002-11-12,0.0077152327084182,
2002-11-13,-0.0004756587625005,
2002-11-14,0.0246337116162445,
2002-11-15,0.0061486032252577,
2002-11-18,-0.0104085725469597,
2002-11-19,-0.0040206086188669,
2002-11-20,0.0194148073792685,
2002-11-21,0.0214516051280879,
2002-11-22,-0.0034377376832211,
2002-11-25,0.0024931571163857,
2002-11-26,-0.0209675492415603,
2002-11-27,0.0279861138353014,
2002-11-29,-0.0027266794890747,
2002-12-02,-0.0019010458783522,
2002-12-03,-0.0147454109176596,
2002-12-04,-0.0034428269455946,
2002-12-05,-0.012020781938841,
2002-12-06,0.0062655041114825,
2002-12-09,-0.0221764038695098,
2002-12-10,0.0139574127881516,
2002-12-11,0.0005638893899515,
2002-12-12,-0.003734977016382,
2002-12-13,-0.0134209237025358,
2002-12-16,0.0235194095479112,
2002-12-17,-0.0081393167629324,
2002-12-18,-0.0131452122897913,
2002-12-19,-0.0077093939703194,
2002-12-20,0.0130166918469041,
2002-12-23,0.0018085146685788,
2002-12-24,-0.0054715217109486,
2002-12-26,-0.0031485625856743,
2002-12-27,-0.0160285380492802,
2002-12-30,0.0045579050983528,
2002-12-31,0.0004889669755383,
2003-01-02,0.0331999974193495,
2003-01-03,-0.0004840351002998,
2003-01-06,0.0224743639117717,
2003-01-07,-0.006544619569145,
2003-01-08,-0.0140855753991806,
2003-01-09,0.0193861228780518,
2003-01-10,0.0,
2003-01-13,-0.0014122896905353,
2003-01-14,0.0058298569753352,
2003-01-15,-0.0144258665487621,
2003-01-16,-0.0039424051237041,
2003-01-17,-0.0140169982847959,
2003-01-21,-0.015702315109737,
2003-01-22,-0.0104324032993448,
2003-01-23,0.0102236459466127,
2003-01-24,-0.0292334411345465,
2003-01-27,-0.0161597905163528,
2003-01-28,0.0130504528879564,
2003-01-29,0.0067789590155036,
2003-01-30,-0.0228492761519577,
2003-01-31,0.0131303525269743,
2003-02-03,0.0053990826823429,
2003-02-04,-0.014087775495171,
2003-02-05,-0.0054350215576716,
2003-02-06,-0.0064486329475517,
2003-02-07,-0.0100936845746326,
2003-02-10,0.0075690537950796,
2003-02-11,-0.0080983273722136,
2003-02-12,-0.0126869505262662,
2003-02-13,-0.0016001338377796,
2003-02-14,0.0214346252442727,
2003-02-18,0.0194995364372325,
2003-02-19,-0.0070960890875086,
2003-02-20,-0.0095015314217703,
2003-02-21,0.0132242356314371,
2003-02-24,-0.0183807092144687,
2003-02-25,0.0071944919544335,
2003-02-26,-0.0131414424973457,
2003-02-27,0.0117576480544163,
2003-02-28,0.0046221036950295,
2003-03-03,-0.0075373318331473,
2003-03-04,-0.0153567965904947,
2003-03-05,0.0095621424165048,
2003-03-06,-0.0093390374501461,
2003-03-07,0.00825938360801,
2003-03-10,-0.0258297648678615,
2003-03-11,-0.0083593403716109,
2003-03-12,0.0043210845816348,
2003-03-13,0.0344570585166845,
2003-03-14,0.0016468266341889,
2003-03-17,0.0354266417897766,
2003-03-18,0.0042420916710874,
2003-03-19,0.0087368079145573,
2003-03-20,0.001887786712015,
2003-03-21,0.0229766870052137,
2003-03-24,-0.0352314698006482,
2003-03-25,0.0121611260927612,
2003-03-26,-0.0054758877847351,
2003-03-27,-0.0016437641884197,
2003-03-28,-0.0057799698548794,
2003-03-31,-0.0177417571791763,
2003-04-01,0.0121436344666361,
2003-04-02,0.0261159776062227,
2003-04-03,-0.0050516654372795,
2003-04-04,0.0027382775349193,
2003-04-07,0.0012288981280605,
2003-04-08,-0.0018638012820205,
2003-04-09,-0.0140044724415445,
2003-04-10,0.0064550709806192,
2003-04-11,-0.0037633140188628,
2003-04-14,0.0194978612389638,
2003-04-15,0.0063034660065275,
2003-04-16,-0.0122360822666289,
2003-04-17,0.0155357302025569,
2003-04-21,-0.0017569857138612,
2003-04-22,0.0217037758989377,
2003-04-23,0.0083939831847095,
2003-04-24,-0.0082588264609732,
2003-04-25,-0.013846368035506,
2003-04-28,0.0178347251815365,
2003-04-29,0.0032792618511803,
2003-04-30,-0.0010024012010726,
2003-05-01,-0.0006761714530636,
2003-05-02,0.0150387749431994,
2003-05-05,-0.0037954038706478,
2003-05-06,0.0084615260469038,
2003-05-07,-0.005104955592922,
2003-05-08,-0.0100578468998602,
2003-05-09,0.0142783675816955,
2003-05-12,0.0125346980894316,
2003-05-13,-0.0029731963497862,
2003-05-14,-0.0032048801180258,
2003-05-15,0.0078676788420735,
2003-05-16,-0.0025035071988888,
2003-05-19,-0.0249178953361137,
2003-05-20,-0.0011295318488209,
2003-05-21,0.0040120497534783,
2003-05-22,0.0091507790208318,
2003-05-23,0.0014486737345456,
2003-05-27,0.0195666727447625,
2003-05-28,0.0018287197524826,
2003-05-29,-0.0037556452494871,
2003-05-30,0.0146897898065043,
2003-06-02,0.0035388215418326,
2003-06-03,0.0047156127803451,
2003-06-04,0.0151097129489379,
2003-06-05,0.003954437512857,
2003-06-06,-0.0024037053826752,
2003-06-09,-0.0119766106877021,
2003-06-10,0.0091297882497269,
2003-06-11,0.0128345246624874,
2003-06-12,0.0010326315485458,
2003-06-13,-0.0099147973653126,
2003-06-16,0.0223849700192364,
2003-06-17,0.0009102072927211,
2003-06-18,-0.0015518517394561,
2003-06-19,-0.0152362801723213,
2003-06-20,0.000995265127401,
2003-06-23,-0.0141108053294886,
2003-06-24,0.0018438506291351,
2003-06-25,-0.0082668206638865,
2003-06-26,0.0107656973312857,
2003-06-27,-0.0097381231358357,
2003-06-30,-0.0017618679751922,
2003-07-01,0.0080246355302397,
2003-07-02,0.0116357119783356,
2003-07-03,-0.0081006166470125,
2003-07-07,0.018991549631018,
2003-07-08,0.0034049939303313,
2003-07-09,-0.0055862088553662,
2003-07-10,-0.0134802181872349,
2003-07-11,0.0095478935216495,
2003-07-14,0.0057306295902179,
2003-07-15,-0.0034267751395644,
2003-07-16,-0.0063272986973671,
2003-07-17,-0.0124335282044991,
2003-07-18,0.0118057175456074,
2003-07-21,-0.0146176654292544,
2003-07-22,0.009511644538928,
2003-07-23,0.0005060165441219,
2003-07-24,-0.0070907737828808,
2003-07-25,0.0174001808421484,
2003-07-28,-0.0021628280934555,
2003-07-29,-0.007265273243362,
2003-07-30,-0.0018094361651799,
2003-07-31,0.0028557325665139,
2003-08-01,-0.0102593866259843,
2003-08-04,0.0027240553421934,
2003-08-05,-0.0176634431759544,
2003-08-06,0.0016779515260274,
2003-08-07,0.0072796230952312,
2003-08-08,0.0035622220626565,
2003-08-11,0.0030687710774319,
2003-08-12,0.0099531388890081,
2003-08-13,-0.0063815281919135,
2003-08-14,0.006585145042149,
2003-08-15,0.0001615058333122,
2003-08-18,0.0091554276203817,
2003-08-19,0.002610664149736,
2003-08-20,-0.0020451816659848,
2003-08-21,0.0029691410322159,
2003-08-22,-0.010176743821595,
2003-08-25,0.0006545671114137,
2003-08-26,0.0030390742060735,
2003-08-27,6.0194395442580984e-05,
2003-08-28,0.0060695321597215,
2003-08-29,0.0051553416015586,
2003-09-02,0.0138688905202444,
2003-09-03,0.0041879366116819,
2003-09-04,0.0016564365513196,
2003-09-05,-0.006400922441525,
2003-09-08,0.0100353438480873,
2003-09-09,-0.0082102590225405,
2003-09-10,-0.0119725951744185,
2003-09-11,0.0054405888625992,
2003-09-12,0.0021743196806585,
2003-09-15,-0.003750142157513,
2003-09-16,0.0142981925339487,
2003-09-17,-0.0032545522876681,
2003-09-18,0.0132654811936017,
2003-09-19,-0.0031550312291611,
2003-09-22,-0.0130078557066072,
2003-09-23,0.0060714709608606,
2003-09-24,-0.019095676369609,
2003-09-25,-0.0060532062474051,
2003-09-26,-0.0063991187021735,
2003-09-29,0.0097607882251158,
2003-09-30,-0.0105406884764053,
2003-10-01,0.0223400309793397,
2003-10-02,0.0019838734157364,
2003-10-03,0.0094193380415865,
2003-10-06,0.0043695684873321,
2003-10-07,0.0047372983320144,
2003-10-08,-0.0052633829233822,
2003-10-09,0.0047882054514456,
2003-10-10,-0.0006449432360637,
2003-10-13,0.0070226350892097,
2003-10-14,0.0039508346288501,
2003-10-15,-0.00259173186125,
2003-10-16,0.00316207773755,
2003-10-17,-0.0102374132675545,
2003-10-20,0.0051573218054878,
2003-10-21,0.0012922383088889,
2003-10-22,-0.0149804914834478,
2003-10-23,0.0033095561048248,
2003-10-24,-0.0047012248950363,
2003-10-27,0.0021575945703502,
2003-10-28,0.0151872548616867,
2003-10-29,0.0012609465506996,
2003-10-30,-0.0011163369891186,
2003-10-31,0.0036009893043016,
2003-11-03,0.0079089938257892,
2003-11-04,-0.0054484517996212,
2003-11-05,-0.0013671411405173,
2003-11-06,0.005932620802959,
2003-11-07,-0.0045745358605537,
2003-11-10,-0.0057917944305309,
2003-11-11,-0.0005157424435396,
2003-11-12,0.0114278869274058,
2003-11-13,-0.0001133601446028,
2003-11-14,-0.0076152514937152,
2003-11-17,-0.0063978396337622,
2003-11-18,-0.0090836603244408,
2003-11-19,0.0080161647695986,
2003-11-20,-0.008432060824847,
2003-11-21,0.001576940786836,
2003-11-24,0.0162274228058108,
2003-11-25,0.00172045725549,
2003-11-26,0.0043267669871212,
2003-11-28,-0.0002361944461551,
2003-12-01,0.0112644533125445,
2003-12-02,-0.0032706612491776,
2003-12-03,-0.0017719662645456,
2003-12-04,0.0046866250842096,
2003-12-05,-0.0076842266464577,
2003-12-08,0.0073481383213613,
2003-12-09,-0.0085289392132567,
2003-12-10,-0.0010658612929541,
2003-12-11,0.0114819050552241,
2003-12-12,0.0027352748926767,
2003-12-15,-0.0056789389676856,
2003-12-16,0.0066382959074604,
2003-12-17,0.0012556393922655,
2003-12-18,0.011797779310914,
2003-12-19,-0.0004774412912522,
2003-12-22,0.0039313533079106,
2003-12-23,0.0028181586273048,
2003-12-24,-0.0018065185247225,
2003-12-26,0.0016909578442145,
2003-12-29,0.0124008482955948,
2003-12-30,0.0001442425122621,
2003-12-31,0.0020547468248948,
2004-01-02,-0.00309380471671,
2004-01-05,0.012395343602475,
2004-01-06,0.0012921470656763,
2004-01-07,0.0023671647417384,
2004-01-08,0.0049630997209786,
2004-01-09,-0.0088876053106062,
2004-01-12,0.0047866892368968,
2004-01-13,-0.0053316624555406,
2004-01-14,0.0082945800744993,
2004-01-15,0.0013533854071061,
2004-01-16,0.0068724057161748,
2004-01-20,-0.0009299075864844,
2004-01-21,0.0077715214083178,
2004-01-22,-0.0032066831587068,
2004-01-23,-0.0020891766181247,
2004-01-26,0.0121062990652487,
2004-01-27,-0.0097976806883532,
2004-01-28,-0.0136096042085953,
2004-01-29,0.0049890161812828,
2004-01-30,-0.002627593890575,
2004-02-02,0.0036512203415914,
2004-02-03,0.0006782759232477,
2004-02-04,-0.0083712661816792,
2004-02-05,0.0018374695994518,
2004-02-06,0.0125555289117009,
2004-02-09,-0.0025814266745999,
2004-02-10,0.0050271362544558,
2004-02-11,0.0106674322035271,
2004-02-12,-0.0048801343684398,
2004-02-13,-0.005468164357494,
2004-02-17,0.0097572294437231,
2004-02-18,-0.0044685295369454,
2004-02-19,-0.0041324928524184,
2004-02-20,-0.0025718559547824,
2004-02-23,-0.0027270062818556,
2004-02-24,-0.0016652419655953,
2004-02-25,0.0040208221145217,
2004-02-26,0.0010842202617262,
2004-02-27,2.6121900996267655e-05,
2004-03-01,0.0096337186763941,
2004-03-02,-0.0059430567327011,
2004-03-03,0.0016796220972448,
2004-03-04,0.0033361126317947,
2004-03-05,0.001723129220422,
2004-03-08,-0.0083502189564901,
2004-03-09,-0.005770567816382,
2004-03-10,-0.0146328552572334,
2004-03-11,-0.0152238965811211,
2004-03-12,0.0124594920645144,
2004-03-15,-0.0143498012845505,
2004-03-16,0.0056224691870518,
2004-03-17,0.0117493917365856,
2004-03-18,-0.001272572823971,
2004-03-19,-0.0111732104857003,
2004-03-22,-0.0129575271704278,
2004-03-23,-0.0013237841974333,
2004-03-24,-0.0023949862737147,
2004-03-25,0.0163653396046496,
2004-03-26,-0.001018655840917,
2004-03-29,0.013004630929178,
2004-03-30,0.0040357688090642,
2004-03-31,-0.0007010107031942,
2004-04-01,0.0052921597344521,
2004-04-02,0.0085146349702422,
2004-04-05,0.0076719307466086,
2004-04-06,-0.0020945376829524,
2004-04-07,-0.0066454193280327,
2004-04-08,-0.0010609830313353,
2004-04-12,0.0051609777411205,
2004-04-13,-0.0137617974481206,
2004-04-14,-0.0011243603261952,
2004-04-15,0.0005938128552476,
2004-04-16,0.0051114592909164,
2004-04-19,0.0010664113247029,
2004-04-20,-0.015556974441883,
2004-04-21,0.0053122937678802,
2004-04-22,0.0140914769922935,
2004-04-23,0.0005876868258882,
2004-04-26,-0.0044449819372107,
2004-04-27,0.0022720280293115,
2004-04-28,-0.013794757425861,
2004-04-29,-0.0075908262326582,
2004-04-30,-0.0059161728120817,
2004-05-03,0.0092025114755789,
2004-05-04,0.0018434693927933,
2004-05-05,0.0017685502053459,
2004-05-06,-0.0067229934692226,
2004-05-07,-0.0137254725774359,
2004-05-10,-0.010539689241213,
2004-05-11,0.0076624071786937,
2004-05-12,0.0016706177430034,
2004-05-13,-0.0007656093870251,
2004-05-14,-0.0006749026612674,
2004-05-17,-0.0105868176534379,
2004-05-18,0.0068167279908324,
2004-05-19,-0.0025744042992406,
2004-05-20,0.0004683540343872,
2004-05-21,0.0040122636294801,
2004-05-24,0.0016917000318359,
2004-05-25,0.0161035722679383,
2004-05-26,0.0016979403398029,
2004-05-27,0.0056864837783354,
2004-05-28,-0.0005350809523592,
2004-06-01,0.0004639124781564,
2004-06-02,0.0033803418012448,
2004-06-03,-0.0074222665609654,
2004-06-04,0.0052478733295326,
2004-06-07,0.0159644044056235,
2004-06-08,0.0015432995719157,
2004-06-09,-0.0094994634348569,
2004-06-10,0.0045433382373807,
2004-06-14,-0.0098374193149231,
2004-06-15,0.0059717676953077,
2004-06-16,0.001369288976911,
2004-06-17,-0.0013320950700206,
2004-06-18,0.0026235330374302,
2004-06-21,-0.0041584911472083,
2004-06-22,0.0036361896611645,
2004-06-23,0.0085066458540632,
2004-06-24,-0.0029806426280444,
2004-06-25,-0.0054530053653574,
2004-06-28,-0.0009520887792657,
2004-06-29,0.002514647414594,
2004-06-30,0.004083801133464,
2004-07-01,-0.010430932269721,
2004-07-02,-0.0031533444719858,
2004-07-06,-0.0081483977905466,
2004-07-07,0.0018992798768853,
2004-07-08,-0.0082444100269403,
2004-07-09,0.0033360742316412,
2004-07-12,0.0013838093754594,
2004-07-13,0.000708968528567,
2004-07-14,-0.0032911059571918,
2004-07-15,-0.0043006373747112,
2004-07-16,-0.0047889897246902,
2004-07-19,-0.0004448834907327,
2004-07-20,0.0070578793341251,
2004-07-21,-0.0133403433629974,
2004-07-22,0.0027059283690051,
2004-07-23,-0.009700608092339,
2004-07-26,-0.0019609694149907,
2004-07-27,0.009925567812721,
2004-07-28,0.0005389767491852,
2004-07-29,0.0045735969442193,
2004-07-30,0.0011721935327353,
2004-08-02,0.0044476133176885,
2004-08-03,-0.0062623608298381,
2004-08-04,-0.0009638503395621,
2004-08-05,-0.0163203750409584,
2004-08-06,-0.0154806895758703,
2004-08-09,0.0011748451877584,
2004-08-10,0.0129739103091099,
2004-08-11,-0.0030119364271447,
2004-08-12,-0.0116751951009841,
2004-08-13,0.0014766968466057,
2004-08-16,0.0136550679239633,
2004-08-17,0.0021957818595055,
2004-08-18,0.0124433383197717,
2004-08-19,-0.0035976727982519,
2004-08-20,0.0065247429456887,
2004-08-23,-0.0024308480305429,
2004-08-24,0.0004653618486396,
2004-08-25,0.008000456125331,
2004-08-26,0.0001176557408488,
2004-08-27,0.0024251905218848,
2004-08-30,-0.0077813941208076,
2004-08-31,0.0046308199128921,
2004-09-01,0.0015123921974227,
2004-09-02,0.0112125073747615,
2004-09-03,-0.004184933932207,
2004-09-07,0.0068874257263924,
2004-09-08,-0.0044858905536764,
2004-09-09,0.0018902105356628,
2004-09-10,0.0049536284968547,
2004-09-13,0.0016904248251332,
2004-09-14,0.0022294948440899,
2004-09-15,-0.0070546393763512,
2004-09-16,0.002793724302198,
2004-09-17,0.0044949255257009,
2004-09-20,-0.0056267754033982,
2004-09-21,0.0063269452550194,
2004-09-22,-0.0139378283483724,
2004-09-23,-0.0046697734909371,
2004-09-24,0.0015789094004912,
2004-09-27,-0.0059363179390062,
2004-09-28,0.0059265250713602,
2004-09-29,0.004270030434551,
2004-09-30,-0.0001974280263701,
2004-10-01,0.0151806461738328,
2004-10-04,0.0032435209415047,
2004-10-05,-0.0006078943681108,
2004-10-06,0.0066727209732226,
2004-10-07,-0.0099820707733082,
2004-10-08,-0.0075266524405155,
2004-10-11,0.0020050973770013,
2004-10-12,-0.0022679397672544,
2004-10-13,-0.0073004543034455,
2004-10-14,-0.0093027298742379,
2004-10-15,0.0044502460237447,
2004-10-18,0.0052518215266301,
2004-10-19,-0.0096856778813007,
2004-10-20,0.0003898132923787,
2004-10-21,0.0025641555977795,
2004-10-22,-0.0097154064608599,
2004-10-25,-0.0008578142758566,
2004-10-26,0.0148793535491931,
2004-10-27,0.0128792978372231,
2004-10-28,0.001812615023933,
2004-10-29,0.0024480326306184,
2004-11-01,0.0002743395922362,
2004-11-02,4.427101723347704e-05,
2004-11-03,0.0111802044323476,
2004-11-04,0.0161564849215607,
2004-11-05,0.0038737333578102,
2004-11-08,-0.0010976352063928,
2004-11-09,-0.0006953949158835,
2004-11-10,-0.0010050184859853,
2004-11-11,0.0090892209873469,
2004-11-12,0.0091097109916542,
2004-11-15,-0.0003039980224149,
2004-11-16,-0.0070788424392737,
2004-11-17,0.0055383029170985,
2004-11-18,0.0013622582378927,
2004-11-19,-0.011161406330803,
2004-11-22,0.0058957436433662,
2004-11-23,-0.0002548748178909,
2004-11-24,0.0040954242351702,
2004-11-26,0.0007531263886768,
2004-11-29,-0.0034499454959394,
2004-11-30,-0.0040303080991979,
2004-12-01,0.0149512273016045,
2004-12-02,-0.0008729773846601,
2004-12-03,0.0007057605215694,
2004-12-06,-0.0007723867385592,
2004-12-07,-0.0110733490535076,
2004-12-08,0.0048766110482936,
2004-12-09,0.0054361489352479,
2004-12-10,-0.0010426745186483,
2004-12-13,0.0089899442011258,
2004-12-14,0.0039209388337819,
2004-12-15,0.0019444945161277,
2004-12-16,-0.002081751838415,
2004-12-17,-0.0074883104845681,
2004-12-20,0.0003768826499663,
2004-12-21,0.0090402431985128,
2004-12-22,0.003417806863887,
2004-12-23,0.0004630229078261,
2004-12-27,-0.0043052902716882,
2004-12-28,0.0071539976121259,
2004-12-29,-7.423561458641537e-05,
2004-12-30,8.249013991323828e-05,
2004-12-31,-0.0013431707117366,
2005-01-03,-0.0081194200391234,
2005-01-04,-0.0116713594265474,
2005-01-05,-0.0036278426131974,
2005-01-06,0.0035058580839537,
2005-01-07,-0.0014311705807971,
2005-01-10,0.003422772738181,
2005-01-11,-0.006099567120878,
2005-01-12,0.0039814038803209,
2005-01-13,-0.0086301258073527,
2005-01-14,0.0060045595588487,
2005-01-18,0.0096747718472796,
2005-01-19,-0.0094901049944741,
2005-01-20,-0.0077829960959304,
2005-01-21,-0.006414815973357,
2005-01-24,-0.0035277857419173,
2005-01-25,0.0040043258257249,
2005-01-26,0.0048441146034394,
2005-01-27,0.0004089215813589,
2005-01-28,-0.0027159876922616,
2005-01-31,0.0084602806170752,
2005-02-01,0.0068909009065238,
2005-02-02,0.0031779681673607,
2005-02-03,-0.0027656340732501,
2005-02-04,0.0110430497665112,
2005-02-07,-0.0010889658294861,
2005-02-08,0.000482706569868,
2005-02-09,-0.0085752791940739,
2005-02-10,0.0042114611468029,
2005-02-11,0.006925622170965,
2005-02-14,0.0006968935420927,
2005-02-15,0.0032997665448568,
2005-02-16,0.0001817759428921,
2005-02-17,-0.0079233654106537,
2005-02-18,0.0006995343079845,
2005-02-22,-0.014505723363565,
2005-02-23,0.0056073625665278,
2005-02-24,0.0078937705393953,
2005-02-25,0.0093068191965897,
2005-02-28,-0.0064142413652059,
2005-03-01,0.0056580747190815,
2005-03-02,-0.0002726994288539,
2005-03-03,0.0003223048580269,
2005-03-04,0.0096243811874947,
2005-03-07,0.00261027025931,
2005-03-08,-0.0047987893689216,
2005-03-09,-0.0101851220638002,
2005-03-10,0.0018558174466258,
2005-03-11,-0.0075832490761319,
2005-03-14,0.0056246252309646,
2005-03-15,-0.0075238073177859,
2005-03-16,-0.0080818649225109,
2005-03-17,0.0018012530786775,
2005-03-18,-0.0004704518881664,
2005-03-21,-0.0049342201460287,
2005-03-22,-0.010196208806246,
2005-03-23,0.0006998902345414,
2005-03-24,-0.0009466583574222,
2005-03-28,0.0024414686826854,
2005-03-29,-0.0075961812538475,
2005-03-30,0.0137726102061785,
2005-03-31,-0.0006941437228814,
2005-04-01,-0.0064966856377359,
2005-04-04,0.0027281920778772,
2005-04-05,0.0044808519140302,
2005-04-06,0.0022684563162,
2005-04-07,0.005970988776071,
2005-04-08,-0.0083450000456044,
2005-04-11,8.474234709510142e-06,
2005-04-12,0.0055452028383897,
2005-04-13,-0.0117616105848534,
2005-04-14,-0.010001780423824,
2005-04-15,-0.0167204964455117,
2005-04-18,0.0029405973691347,
2005-04-19,0.0059338286392607,
2005-04-20,-0.0132549392846395,
2005-04-21,0.0197362208104394,
2005-04-22,-0.0067502533594462,
2005-04-25,0.0086622752066158,
2005-04-26,-0.0088374664374911,
2005-04-27,0.0039502782543614,
2005-04-28,-0.0113803716115111,
2005-04-29,0.0119224691941215,
2005-05-02,0.0045901013146154,
2005-05-03,-0.0008518536219271,
2005-05-04,0.0124701636459301,
2005-05-05,-0.0025688082920384,
2005-05-06,-0.0010915883881061,
2005-05-09,0.0063943231233076,
2005-05-10,-0.0107054354137083,
2005-05-11,0.0041930465703561,
2005-05-12,-0.0100332164757972,
2005-05-13,-0.004580058472371,
2005-05-16,0.0100861245922085,
2005-05-17,0.0069573452886546,
2005-05-18,0.0100187504484821,
2005-05-19,0.0046559408112019,
2005-05-20,-0.0015111720658741,
2005-05-23,0.0038510325086307,
2005-05-24,0.0001758673044378,
2005-05-25,-0.0034000826635449,
2005-05-26,0.0063948918825156,
2005-05-27,0.0009686162425619,
2005-05-31,-0.0060728650118946,
2005-06-01,0.0089970379379982,
2005-06-02,0.001721871545824,
2005-06-03,-0.0068671327196959,
2005-06-06,0.0012457903797955,
2005-06-07,-0.0002087665221678,
2005-06-08,-0.0021632442403379,
2005-06-09,0.005239948718352,
2005-06-10,-0.0023482369773834,
2005-06-13,0.0022618632434689,
2005-06-14,0.0025733149255009,
2005-06-15,0.0022177087981654,
2005-06-16,0.0036300991582309,
2005-06-17,0.0049547468071156,
2005-06-20,-0.0007066669234541,
2005-06-21,-0.0020475209969272,
2005-06-22,0.0002224928391403,
2005-06-23,-0.0108330513404675,
2005-06-24,-0.0076287211352144,
2005-06-27,-0.000738525577582,
2005-06-28,0.0091375634449073,
2005-06-29,-0.0014314361876618,
2005-06-30,-0.0071009040335141,
2005-07-01,0.0026105155299391,
2005-07-05,0.0088326323177907,
2005-07-06,-0.008340358766109,
2005-07-07,0.0024520510273422,
2005-07-08,0.0116790555664652,
2005-07-11,0.0062548117326346,
2005-07-12,0.0022715506005615,
2005-07-13,0.000883709149426,
2005-07-14,0.0026240391362624,
2005-07-15,0.0011578018306666,
2005-07-18,-0.0055297078144302,
2005-07-19,0.0067314460133292,
2005-07-20,0.0047585925099558,
2005-07-21,-0.0066061467227499,
2005-07-22,0.0054114082972474,
2005-07-25,-0.0037692304419408,
2005-07-26,0.0017330779818545,
2005-07-27,0.0045729269359882,
2005-07-28,0.0056031593251495,
2005-07-29,-0.0076704702158912,
2005-08-01,0.000947934518535,
2005-08-02,0.0070992186057154,
2005-08-03,0.0007395138322054,
2005-08-04,-0.0073732999927054,
2005-08-05,-0.0076383583238716,
2005-08-08,-0.0026826364089062,
2005-08-09,0.0067449902848146,
2005-08-10,-0.0018272182357014,
2005-08-11,0.0070619492457717,
2005-08-12,-0.005994493172678,
2005-08-15,0.0028283555842611,
2005-08-16,-0.0117759807389553,
2005-08-17,0.0007381242633648,
2005-08-18,-0.0009997793162725,
2005-08-19,0.0005659803737392,
2005-08-22,0.0016561474415583,
2005-08-23,-0.0033886494680674,
2005-08-24,-0.0065703563798755,
2005-08-25,0.0022983237092162,
2005-08-26,-0.0059965353485569,
2005-08-29,0.0059580564736518,
2005-08-30,-0.0031923276995927,
2005-08-31,0.0098641367895391,
2005-09-01,0.0010325156400312,
2005-09-02,-0.002922376893187,
2005-09-06,0.0126188362019719,
2005-09-07,0.0024079736886564,
2005-09-08,-0.0037933461627815,
2005-09-09,0.0079647439439332,
2005-09-12,-0.0007409880863746,
2005-09-13,-0.0075450659216654,
2005-09-14,-0.0032812842368473,
2005-09-15,0.0004644433270217,
2005-09-16,0.008291769259435,
2005-09-19,-0.0055658444137285,
2005-09-20,-0.0078634413391778,
2005-09-21,-0.0091211415004791,
2005-09-22,0.0036523253376703,
2005-09-23,0.0005516490326242,
2005-09-26,0.0002797404811898,
2005-09-27,2.470266179210867e-05,
2005-09-28,0.0010117799665758,
2005-09-29,0.0088668975278076,
2005-09-30,0.0009204392295834,
2005-10-03,-0.0017171957595218,
2005-10-04,-0.0099698222512086,
2005-10-05,-0.0148871165947561,
2005-10-06,-0.0040956747833627,
2005-10-07,0.0037012767340327,
2005-10-10,-0.007166208031122,
2005-10-11,-0.0020718427299468,
2005-10-12,-0.0060681268290019,
2005-10-13,-0.0007133413595465,
2005-10-14,0.0082678875219603,
2005-10-17,0.0029749862685424,
2005-10-18,-0.0100495430491976,
2005-10-19,0.0149557734209082,
2005-10-20,-0.0150197036117809,
2005-10-21,0.001519712105606,
2005-10-24,0.016777049344208,
2005-10-25,-0.0023678615691029,
2005-10-26,-0.0043124626098851,
2005-10-27,-0.0104752307555955,
2005-10-28,0.0165493335835003,
2005-10-31,0.0071761545219573,
2005-11-01,-0.0035210975597669,
2005-11-02,0.0099770526976019,
2005-11-03,0.0042641604917701,
2005-11-04,0.0001640025343845,
2005-11-07,0.002188309467157,
2005-11-08,-0.0034511433266182,
2005-11-09,0.0016905264703728,
2005-11-10,0.0084462674126324,
2005-11-11,0.0030545345786563,
2005-11-14,-0.0007774725932012,
2005-11-15,-0.0038500194222557,
2005-11-16,0.0017900189212409,
2005-11-17,0.0094135754731872,
2005-11-18,0.004401328040084,
2005-11-21,0.0052712601854831,
2005-11-22,0.0050842770107506,
2005-11-23,0.0034728042867999,
2005-11-25,0.0020859622466586,
2005-11-28,-0.0085078171200473,
2005-11-29,1.5920611289299558e-05,
2005-11-30,-0.0063619303084394,
2005-12-01,0.0121571083282694,
2005-12-02,0.0003241257364618,
2005-12-05,-0.0023634792568365,
2005-12-06,0.0012756502271342,
2005-12-07,-0.0050090656795686,
2005-12-08,-0.0012168489011322,
2005-12-09,0.0028108910314612,
2005-12-12,0.000841737216116,
2005-12-13,0.0055536600221415,
2005-12-14,0.0041895302292149,
2005-12-15,-0.0014143099469935,
2005-12-16,-0.0028482818103757,
2005-12-19,-0.0058390167103565,
2005-12-20,-0.0002381491028473,
2005-12-21,0.0025166668976364,
2005-12-22,0.0042207777142782,
2005-12-23,0.000425858013894,
2005-12-27,-0.009553382932114,
2005-12-28,0.0012972168272717,
2005-12-29,-0.0029805192215838,
2005-12-30,-0.0048867242774062,
2006-01-03,0.0164304842014348,
2006-01-04,0.0036726922525569,
2006-01-05,1.572058161558587e-05,
2006-01-06,0.0093994180408858,
2006-01-09,0.0036563642465448,
2006-01-10,-0.0003566120211651,
2006-01-11,0.0034815440211866,
2006-01-12,-0.0062742391168092,
2006-01-13,0.0012051744764605,
2006-01-17,-0.0036345878751066,
2006-01-18,-0.0038973286076955,
2006-01-19,0.0055636733254031,
2006-01-20,-0.0183263152215131,
2006-01-23,0.0018469873504542,
2006-01-24,0.0024054368436154,
2006-01-25,-0.0017207360448914,
2006-01-26,0.0072349542612786,
2006-01-27,0.0077639991126201,
2006-01-30,0.0011450867297171,
2006-01-31,-0.0039760545791163,
2006-02-01,0.0018592626746127,
2006-02-02,-0.0090607079137917,
2006-02-03,-0.0053586106091979,
2006-02-06,0.0007832015153355,
2006-02-07,-0.0080947258353819,
2006-02-08,0.0086628690793546,
2006-02-09,-0.0014774977925301,
2006-02-10,0.0025399680823299,
2006-02-13,-0.0032596981149382,
2006-02-14,0.0100328176458812,
2006-02-15,0.0035044025624304,
2006-02-16,0.0073281288146973,
2006-02-17,-0.0016597237744756,
2006-02-21,-0.0032705330547829,
2006-02-22,0.007513475466915,
2006-02-23,-0.0037751357399127,
2006-02-24,0.0012735108974994,
2006-02-27,0.0036372204857118,
2006-02-28,-0.0104008600348386,
2006-03-01,0.0082613306984817,
2006-03-02,-0.0016263247744955,
2006-03-03,-0.0014816343903563,
2006-03-06,-0.006968428982565,
2006-03-07,-0.0018619098341728,
2006-03-08,0.0020299446737943,
2006-03-09,-0.0048808265953584,
2006-03-10,0.0072235866294996,
2006-03-13,0.0021148107915935,
2006-03-14,0.0103961246409438,
2006-03-15,0.0042698455050524,
2006-03-16,0.0017727559736715,
2006-03-17,0.0014709261335852,
2006-03-20,-0.0016600068428476,
2006-03-21,-0.0060149384330967,
2006-03-22,0.006020565906847,
2006-03-23,-0.0025822925092845,
2006-03-24,0.0009832808494871,
2006-03-27,-0.0010284092793489,
2006-03-28,-0.0064381842311612,
2006-03-29,0.0074696955109145,
2006-03-30,-0.0020262759087533,
2006-03-31,-0.004137669588781,
2006-04-03,0.0022705472268638,
2006-04-04,0.0062566899242451,
2006-04-05,0.0043111075258694,
2006-04-06,-0.0019213908770231,
2006-04-07,-0.0103434873330513,
2006-04-10,0.0008645273000289,
2006-04-11,-0.007750959314195,
2006-04-12,0.0012047917274888,
2006-04-13,0.0007763251900372,
2006-04-17,-0.0029400203835605,
2006-04-18,0.0170773840124003,
2006-04-19,0.0020271283540433,
2006-04-20,0.0011679304724923,
2006-04-21,-0.000137199492157,
2006-04-24,-0.0024175186645771,
2006-04-25,-0.0048696173781408,
2006-04-26,0.002819337173971,
2006-04-27,0.0033015959817912,
2006-04-28,0.0006795457566091,
2006-05-01,-0.004135512475787,
2006-05-02,0.0061447144793416,
2006-05-03,-0.003875972595181,
2006-05-04,0.0031572064475955,
2006-05-05,0.0102953017836731,
2006-05-08,-0.0008296943472687,
2006-05-09,0.0003623423794523,
2006-05-10,-0.0017281487519698,
2006-05-11,-0.0127980738202199,
2006-05-12,-0.0112411581237298,
2006-05-15,0.0025247125168679,
2006-05-16,-0.0018694816109019,
2006-05-17,-0.0168410706037638,
2006-05-18,-0.0066990113161429,
2006-05-19,0.0041368910222054,
2006-05-22,-0.0039147320056533,
2006-05-23,-0.0043499888817711,
2006-05-24,0.0015836558786301,
2006-05-25,0.0113700939991008,
2006-05-26,0.0057193366766297,
2006-05-30,-0.0158496113929237,
2006-05-31,0.0081119248356846,
2006-06-01,0.012298337548946,
2006-06-02,0.0019522363844757,
2006-06-05,-0.0177997020401023,
2006-06-06,-0.0011381291499216,
2006-06-07,-0.0060924566369557,
2006-06-08,0.0014170515163627,
2006-06-09,-0.0044756104412989,
2006-06-12,-0.0118662515710837,
2006-06-13,-0.0111116503839161,
2006-06-14,0.0051893028138749,
2006-06-15,0.0212350771419564,
2006-06-16,-0.0036778714427134,
2006-06-19,-0.0091167951672042,
2006-06-20,-8.071545390841983e-06,
2006-06-21,0.0097409574091626,
2006-06-22,-0.0052707042351829,
2006-06-23,-0.000883088959134,
2006-06-26,0.0048694725542386,
2006-06-27,-0.0090840158725757,
2006-06-28,0.0054874508522166,
2006-06-29,0.0215650041068919,
2006-06-30,-0.0020976564421778,
2006-07-03,0.0078648957789349,
2006-07-05,-0.0072488518511314,
2006-07-06,0.002494214216387,
2006-07-07,-0.006749949675504,
2006-07-10,0.0014697864685884,
2006-07-11,0.004016355538295,
2006-07-12,-0.0108690281911101,
2006-07-13,-0.0129667460715345,
2006-07-14,-0.0048942895173492,
2006-07-17,-0.0013832397711057,
2006-07-18,0.0019198172005732,
2006-07-19,0.0185551101288674,
2006-07-20,-0.0084775110645322,
2006-07-21,-0.0070768981497181,
2006-07-24,0.0166251396590861,
2006-07-25,0.0063208083741757,
2006-07-26,-0.0003782709688094,
2006-07-27,-0.0040997107711265,
2006-07-28,0.0121517560557293,
2006-07-31,-0.0014782484660414,
2006-08-01,-0.004496099259552,
2006-08-02,0.0051065291363476,
2006-08-03,0.0022388937577111,
2006-08-04,-0.0007108142546528,
2006-08-07,-0.0028060638611625,
2006-08-08,-0.0033627056576202,
2006-08-09,-0.0043492853853949,
2006-08-10,0.0046290198253495,
2006-08-11,-0.0039864980820965,
2006-08-14,0.0011604360124866,
2006-08-15,0.0136964663992602,
2006-08-16,0.0076619875798926,
2006-08-17,0.0015824295197877,
2006-08-18,0.0037149462280208,
2006-08-21,-0.0036704515992119,
2006-08-22,0.0010018548756436,
2006-08-23,-0.0044886560845824,
2006-08-24,0.002374394529395,
2006-08-25,-0.00074849368824,
2006-08-28,0.0051657133119127,
2006-08-29,0.0019204473442031,
2006-08-30,0.0008356838990319,
2006-08-31,-0.0011874402153588,
2006-09-01,0.0055146138061676,
2006-09-05,0.0017085988800158,
2006-09-06,-0.0098914831405862,
2006-09-07,-0.0047990326454012,
2006-09-08,0.003786668165951,
2006-09-11,0.0004773158440949,
2006-09-12,0.0103574807492734,
2006-09-13,0.0038613452315785,
2006-09-14,-0.001357983312818,
2006-09-15,0.0025678463606395,
2006-09-18,0.0011518266007009,
2006-09-19,-0.0026794523975416,
2006-09-20,0.0057223816662184,
2006-09-21,-0.0053955116469193,
2006-09-22,-0.00246580117885,
2006-09-25,0.0088151368001159,
2006-09-26,0.0075242809363071,
2006-09-27,0.0001795863649189,
2006-09-28,0.0017133444968626,
2006-09-29,-0.0022631074374287,
2006-10-02,-0.0033911212933084,
2006-10-03,0.0020956938790537,
2006-10-04,0.0120604492860252,
2006-10-05,0.0022367202195709,
2006-10-06,-0.0026824943182935,
2006-10-09,0.000792884051064,
2006-10-10,0.0020434526052304,
2006-10-11,-0.002563943683974,
2006-10-12,0.0095410980767334,
2006-10-13,0.0020472393126556,
2006-10-16,0.0025190488487738,
2006-10-17,-0.0036594521432252,
2006-10-18,0.0012829441276758,
2006-10-19,0.0008492546990097,
2006-10-20,0.001199753244647,
2006-10-23,0.0061523046145808,
2006-10-24,0.0002614234698528,
2006-10-25,0.0035138929004012,
2006-10-26,0.0049630199946197,
2006-10-27,-0.0084516302918367,
2006-10-30,0.0004284257374855,
2006-10-31,7.175759964006545e-06,
2006-11-01,-0.0073514690358434,
2006-11-02,-0.0003436827873022,
2006-11-03,-0.0022232342125417,
2006-11-06,0.0113464633253121,
2006-11-07,0.0022176988059443,
2006-11-08,0.0020826740288086,
2006-11-09,-0.0053329783828458,
2006-11-10,0.0018646249021037,
2006-11-13,0.0025490763045961,
2006-11-14,0.0063563994152631,
2006-11-15,0.0024044843286641,
2006-11-16,0.0022842131788951,
2006-11-17,0.0010287059183031,
2006-11-20,-0.0004995369656483,
2006-11-21,0.0016494527624062,
2006-11-22,0.0023380978817977,
2006-11-24,-0.003655537535565,
2006-11-27,-0.0135550811208424,
2006-11-28,0.0034443905034671,
2006-11-29,0.0092015764070629,
2006-11-30,0.0008217512433992,
2006-12-01,-0.0027987719323779,
2006-12-04,0.00888519057411,
2006-12-05,0.0040025084222643,
2006-12-06,-0.0013147002592126,
2006-12-07,-0.0039705465741561,
2006-12-08,0.0018119411685106,
2006-12-11,0.0022698131133809,
2006-12-12,-0.0010473733424651,
2006-12-13,0.0011688502615989,
2006-12-14,0.0086894584925856,
2006-12-15,0.0011224039431343,
2006-12-18,-0.0032303396856361,
2006-12-19,0.0021582506618922,
2006-12-20,-0.0014170106008628,
2006-12-21,-0.0036739516280758,
2006-12-22,-0.0053162510067809,
2006-12-26,0.0043522743811383,
2006-12-27,0.0070152736502071,
2006-12-28,-0.0014787820653379,
2006-12-29,-0.0045130879035124,
2007-01-03,-0.0011986696634412,
2007-01-04,0.0012282862236074,
2007-01-05,-0.0060845813350688,
2007-01-08,0.0022203183417466,
2007-01-09,-0.0005166759763383,
2007-01-10,0.0019403518584233,
2007-01-11,0.0063398740911806,
2007-01-12,0.0048531657374917,
2007-01-16,0.0008177950845267,
2007-01-17,-0.0008939376178855,
2007-01-18,-0.0029707399690382,
2007-01-19,0.0028954653399542,
2007-01-22,-0.0052779090025341,
2007-01-23,0.0035419650974717,
2007-01-24,0.0085014704104788,
2007-01-25,-0.0112698023190418,
2007-01-26,-0.0012079294006843,
2007-01-29,-0.0010969487229688,
2007-01-30,0.0057720933114127,
2007-01-31,0.0065928838478062,
2007-02-01,0.0053537318000873,
2007-02-02,0.0016944502133364,
2007-02-05,-0.000966607336355,
2007-02-06,0.0006980074309024,
2007-02-07,0.0013950411127416,
2007-02-08,-0.0011792671235344,
2007-02-09,-0.0070772138460132,
2007-02-12,-0.0032613821992586,
2007-02-13,0.0075974903099231,
2007-02-14,0.007644080004882,
2007-02-15,0.0010375934274453,
2007-02-16,-0.0008717811383565,
2007-02-20,0.0028443151939014,
2007-02-21,-0.0014044508061291,
2007-02-22,-0.0008575564414925,
2007-02-23,-0.0035636739444112,
2007-02-26,-0.001254106190468,
2007-02-27,-0.0347254022259637,
2007-02-28,0.0055608896166945,
2007-03-01,-0.0025944345993798,
2007-03-02,-0.0114027519822277,
2007-03-05,-0.0094076778006312,
2007-03-06,0.0154935807194074,
2007-03-07,-0.0024652707034493,
2007-03-08,0.0071266220925021,
2007-03-09,0.00067762175488,
2007-03-12,0.0026802841786919,
2007-03-13,-0.0203682816090822,
2007-03-14,0.0066911666607312,
2007-03-15,0.0036837483435188,
2007-03-16,-0.0038283089700652,
2007-03-19,0.0108944864298152,
2007-03-20,0.006333453947334,
2007-03-21,0.0170808812969247,
2007-03-22,-0.0003484223341437,
2007-03-23,0.0010943900109532,
2007-03-26,0.0009679026415914,
2007-03-27,-0.0061843580163043,
2007-03-28,-0.0079657884233618,
2007-03-29,0.0037397238988494,
2007-03-30,-0.0011739955648866,
2007-04-02,0.0025970634085028,
2007-04-03,0.0092801026639957,
2007-04-04,0.0011128174632957,
2007-04-05,0.0030499556495757,
2007-04-09,0.00058872359685,
2007-04-10,0.0026166434783123,
2007-04-11,-0.0065728287512122,
2007-04-12,0.0062062964279203,
2007-04-13,0.0034880001295067,
2007-04-16,0.0106549063763496,
2007-04-17,0.00214531100525,
2007-04-18,0.0006931929382587,
2007-04-19,-0.0012020506154498,
2007-04-20,0.0092607040708088,
2007-04-23,-0.0023039862102938,
2007-04-24,-0.0003511438841738,
2007-04-25,0.0101390894543229,
2007-04-26,-0.0007824182576994,
2007-04-27,-0.0001204977151999,
2007-04-30,-0.0078309259890643,
2007-05-01,0.0026511962086948,
2007-05-02,0.0064724448638566,
2007-05-03,0.0043250778872252,
2007-05-04,0.0021498947924689,
2007-05-07,0.0025637181786113,
2007-05-08,-0.0011659709227004,
2007-05-09,0.0032234005292746,
2007-05-10,-0.0139562773307034,
2007-05-11,0.0096414980960248,
2007-05-14,-0.0017929748750863,
2007-05-15,-0.001303983618386,
2007-05-16,0.0086265387776689,
2007-05-17,-0.0009180225309349,
2007-05-18,0.006610477607007,
2007-05-21,0.0015432445154737,
2007-05-22,-0.0006425680181219,
2007-05-23,-0.00120723160001,
2007-05-24,-0.0097025640795354,
2007-05-25,0.005452680678653,
2007-05-29,0.0015702037391096,
2007-05-30,0.0079836080614281,
2007-05-31,0.0002548732239044,
2007-06-01,0.0037370286036848,
2007-06-04,0.0018486063981995,
2007-06-05,-0.0053470693823116,
2007-06-06,-0.008863742592418,
2007-06-07,-0.0175697808682713,
2007-06-08,0.0113703938870508,
2007-06-11,0.0009617165093236,
2007-06-12,-0.0106817185971588,
2007-06-13,0.0151842223344356,
2007-06-14,0.0048163033814474,
2007-06-15,0.0065267626202591,
2007-06-18,-0.0012133688932095,
2007-06-19,0.0017307744745367,
2007-06-20,-0.0136010862722032,
2007-06-21,0.0061804128640055,
2007-06-22,-0.0128958169270027,
2007-06-25,-0.0032079039581859,
2007-06-26,-0.0032381959602871,
2007-06-27,0.0090093382900966,
2007-06-28,-0.0004182355225962,
2007-06-29,-0.0015673572021088,
2007-07-02,0.0106961641574727,
2007-07-03,0.0035802512876219,
2007-07-05,0.0003475898263931,
2007-07-06,0.0033039969263952,
2007-07-09,0.0009213260458897,
2007-07-10,-0.0141854494990204,
2007-07-11,0.0057214093425517,
2007-07-12,0.0190549798652626,
2007-07-13,0.003101407882381,
2007-07-16,-0.001919472121578,
2007-07-17,-9.681992628141069e-05,
2007-07-18,-0.002065324087829,
2007-07-19,0.0044690505655788,
2007-07-20,-0.0122208649945911,
2007-07-23,0.0048692854585776,
2007-07-24,-0.0198044255468624,
2007-07-25,0.0046656121449875,
2007-07-26,-0.0233384927364829,
2007-07-27,-0.0159915843559718,
2007-07-30,0.010254006997153,
2007-07-31,-0.0126466434288248,
2007-08-01,0.0072426690037186,
2007-08-02,0.0043592909877117,
2007-08-03,-0.0265859895912708,
2007-08-06,0.0241511059805301,
2007-08-07,0.0061593660165515,
2007-08-08,0.014071842031649,
2007-08-09,-0.0296496301835803,
2007-08-10,0.0003785373521689,
2007-08-13,-0.0004952881702965,
2007-08-14,-0.0181565427448981,
2007-08-15,-0.0139078380889074,
2007-08-16,0.0032487868898891,
2007-08-17,0.0245664694886067,
2007-08-20,-0.0002696464541576,
2007-08-21,0.0010860546062276,
2007-08-22,0.0117128857517461,
2007-08-23,-0.0010723164511653,
2007-08-24,0.0115350393963675,
2007-08-27,-0.0085035901067406,
2007-08-28,-0.0234730621247901,
2007-08-29,0.0219218804875755,
2007-08-30,-0.0041810099171704,
2007-08-31,0.0112167444784925,
2007-09-04,0.0104682215029723,
2007-09-05,-0.0115011241808167,
2007-09-06,0.0042518862449216,
2007-09-07,-0.0169084570521063,
2007-09-10,-0.0012728131774627,
2007-09-11,0.0136323205401533,
2007-09-12,4.761728577151736e-05,
2007-09-13,0.0084195629704471,
2007-09-14,0.0002021960564695,
2007-09-17,-0.0051204147454522,
2007-09-18,0.0292080074287923,
2007-09-19,0.0060864071258255,
2007-09-20,-0.0067232357114674,
2007-09-21,0.0046090534979423,
2007-09-24,-0.0052564440643945,
2007-09-25,-0.0003426298076351,
2007-09-26,0.0054113031282363,
2007-09-27,0.0039070949415909,
2007-09-28,-0.0030234199663373,
2007-10-01,0.0132896931799573,
2007-10-02,-0.0002650443229226,
2007-10-03,-0.0045518572898974,
2007-10-04,0.0021109516638531,
2007-10-05,0.0095602916224415,
2007-10-08,-0.0032165138936205,
2007-10-09,0.0080962454206334,
2007-10-10,-0.0017123302361643,
2007-10-11,-0.0051584585141245,
2007-10-12,0.0047542247450411,
2007-10-15,-0.0083814108601462,
2007-10-16,-0.0065731685708683,
2007-10-17,0.0017613961937021,
2007-10-18,-0.0007526629123547,
2007-10-19,-0.0256155214648311,
2007-10-22,0.003798372119262,
2007-10-23,0.0088028587045796,
2007-10-24,-0.002441422371131,
2007-10-25,-0.000976317692682,
2007-10-26,0.0137876416707607,
2007-10-29,0.0037126459428287,
2007-10-30,-0.006463394115263,
2007-10-31,0.0119919956090344,
2007-11-01,-0.0264235135005882,
2007-11-02,0.0008022082779672,
2007-11-05,-0.0049547778278301,
2007-11-06,0.0120492188343734,
2007-11-07,-0.0293697986807828,
2007-11-08,-0.0005760125159255,
2007-11-09,-0.0142870197253345,
2007-11-12,-0.0099882355015782,
2007-11-13,0.029092951232353,
2007-11-14,-0.0070693713434748,
2007-11-15,-0.0132124279000457,
2007-11-16,0.0052303109207314,
2007-11-19,-0.0174602539682433,
2007-11-20,0.0044861969852183,
2007-11-21,-0.0159268822798532,
2007-11-23,0.0168904842075514,
2007-11-26,-0.0232386906388919,
2007-11-27,0.0149301532120291,
2007-11-28,0.0285598535392126,
2007-11-29,0.0004764749033838,
2007-11-30,0.0077702175740654,
2007-12-03,-0.0058873371976212,
2007-12-04,-0.0065402565812735,
2007-12-05,0.0151901298954466,
2007-12-06,0.0150369060867217,
2007-12-07,-0.001777921173321,
2007-12-10,0.0075099534121494,
2007-12-11,-0.0252710741118425,
2007-12-12,0.0060501074398824,
2007-12-13,0.0012243243942324,
2007-12-14,-0.0137462678549387,
2007-12-17,-0.0150208981853978,
2007-12-18,0.0062797952150026,
2007-12-19,-0.0013608300425632,
2007-12-20,0.0049002031088696,
2007-12-21,0.0166698393979318,
2007-12-24,0.0080770048030145,
2007-12-26,0.0008086358029313,
2007-12-27,-0.0142822898122894,
2007-12-28,0.0015037700920255,
2007-12-31,-0.0068515884109615,
2008-01-02,-0.0144378431606464,
2008-01-03,0.0,
2008-01-04,-0.0245515550856232,
2008-01-07,0.0032232587947169,
2008-01-08,-0.0183522654740005,
2008-01-09,0.0136240832367149,
2008-01-10,0.0079481319204515,
2008-01-11,-0.0135953877767075,
2008-01-14,0.0108706372902833,
2008-01-15,-0.0249250124117387,
2008-01-16,-0.0056120788399487,
2008-01-17,-0.0290925958290212,
2008-01-18,-0.0060454217841739,
2008-01-22,-0.0110851591513451,
2008-01-23,0.0214421790049121,
2008-01-24,0.0100627304264135,
2008-01-25,-0.0158719310316746,
2008-01-28,0.0175483243346983,
2008-01-29,0.0061597743886385,
2008-01-30,-0.0047639947161109,
2008-01-31,0.0167722536724361,
2008-02-01,0.0122374919441832,
2008-02-04,-0.0104628693844548,
2008-02-05,-0.031995432684296,
2008-02-06,-0.0076236408942482,
2008-02-07,0.0078857728469674,
2008-02-08,-0.0042037197518948,
2008-02-11,0.0058889990838011,
2008-02-12,0.0072658968384489,
2008-02-13,0.0136040625307414,
2008-02-14,-0.0134214759328954,
2008-02-15,0.0008377480947496,
2008-02-19,-0.0008962740066612,
2008-02-20,0.0083408708281844,
2008-02-21,-0.0128673629427487,
2008-02-22,0.0078806103579138,
2008-02-25,0.0138126713119381,
2008-02-26,0.00691791069878,
2008-02-27,-0.0009194445013966,
2008-02-28,-0.0089418744986786,
2008-02-29,-0.0270897047358384,
2008-03-03,0.0005335524788219,
2008-03-04,-0.0034476286584579,
2008-03-05,0.0052383276215375,
2008-03-06,-0.0220139359874497,
2008-03-07,-0.0084103615549538,
2008-03-10,-0.0154634791865477,
2008-03-11,0.0371298440187637,
2008-03-12,-0.0089955738940628,
2008-03-13,0.0051269213363422,
2008-03-14,-0.020783262555292,
2008-03-17,-0.0089586837853565,
2008-03-18,0.0424095375872055,
2008-03-19,-0.0242871984957558,
2008-03-20,0.0239444592412823,
2008-03-24,0.0153214304274238,
2008-03-25,0.0023038976355771,
2008-03-26,-0.0087657598630925,
2008-03-27,-0.0114604811324987,
2008-03-28,-0.0079501862968119,
2008-03-31,0.005687246723262,
2008-04-01,0.0358963516230543,
2008-04-02,-0.0019340702025878,
2008-04-03,0.0013016381788633,
2008-04-04,0.0007959963585104,
2008-04-07,0.0015615985189088,
2008-04-08,-0.0051000333693589,
2008-04-09,-0.0080920723757842,
2008-04-10,0.0044740519586279,
2008-04-11,-0.0203741808670055,
2008-04-14,-0.0033837848145122,
2008-04-15,0.0045998762865413,
2008-04-16,0.0226912659396096,
2008-04-17,0.0006229145243916,
2008-04-18,0.0181390026056016,
2008-04-21,-0.0015535248305402,
2008-04-22,-0.0088102337263404,
2008-04-23,0.002899917492481,
2008-04-24,0.0064422776750301,
2008-04-25,0.0064947364525915,
2008-04-28,-0.0010516015703287,
2008-04-29,-0.0038886926315555,
2008-04-30,-0.0038463023648085,
2008-05-01,0.0171407130434431,
2008-05-02,0.003235598723049,
2008-05-05,-0.0045335837534509,
2008-05-06,0.0076519333039495,
2008-05-07,-0.0181137896434151,
2008-05-08,0.0036695517058173,
2008-05-09,-0.0067254479228667,
2008-05-12,0.0110207785424685,
2008-05-13,-0.0003846713469072,
2008-05-14,0.0040055842746602,
2008-05-15,0.0105844644893737,
2008-05-16,0.0012503981989189,
2008-05-19,0.0008980456160241,
2008-05-20,-0.0092735891040205,
2008-05-21,-0.0160535326762633,
2008-05-22,0.0026173787135195,
2008-05-23,-0.0132104006867138,
2008-05-27,0.0068462214700479,
2008-05-28,0.0039628904833617,
2008-05-29,0.0053349372520627,
2008-05-30,0.0015161665944682,
2008-06-02,-0.0105042637614145,
2008-06-03,-0.0057878277489604,
2008-06-04,-0.0003266963555412,
2008-06-05,0.0194961506013726,
2008-06-06,-0.0308892087952176,
2008-06-09,0.0007936884587542,
2008-06-10,-0.0024380715658894,
2008-06-11,-0.0168943436307661,
2008-06-12,0.0032796987733647,
2008-06-13,0.0150462613933854,
2008-06-16,8.086979639654324e-05,
2008-06-17,-0.0067713329791864,
2008-06-18,-0.0097118241474808,
2008-06-19,0.0037523245012929,
2008-06-20,-0.0185428558779753,
2008-06-23,5.307283862721057e-05,
2008-06-24,-0.0028148413789833,
2008-06-25,0.0058434070200388,
2008-06-26,-0.0293652254963212,
2008-06-27,-0.0037174293266512,
2008-06-30,0.0012672250121246,
2008-07-01,0.0038359642028809,
2008-07-02,-0.0182036205074623,
2008-07-03,0.0010939223012293,
2008-07-07,-0.0083854348052814,
2008-07-08,0.0170803487773181,
2008-07-09,-0.0227761724721228,
2008-07-10,0.0069897513852792,
2008-07-11,-0.0110899434745866,
2008-07-14,-0.0090278594376821,
2008-07-15,-0.0109012571164613,
2008-07-16,0.0250635440610504,
2008-07-17,0.0120125595116795,
2008-07-18,0.0002857269877662,
2008-07-21,-0.0005394340212933,
2008-07-22,0.0134920634920634,
2008-07-23,0.0040641671153092,
2008-07-24,-0.0231244228224339,
2008-07-25,0.0041675080558958,
2008-07-28,-0.0185965641035097,
2008-07-29,0.0233560084648285,
2008-07-30,0.0166719912981412,
2008-07-31,-0.0131437596393685,
2008-08-01,-0.0055783950053056,
2008-08-04,-0.0089660863619017,
2008-08-05,0.0287187411123457,
2008-08-06,0.0033543494389038,
2008-08-07,-0.0179337383690476,
2008-08-08,0.0238928347431868,
2008-08-11,0.0069427304777374,
2008-08-12,-0.0120506704225805,
2008-08-13,-0.0029156630132689,
2008-08-14,0.0055218014036904,
2008-08-15,0.0040759339190947,
2008-08-18,-0.01509780952329,
2008-08-19,-0.0093149025552182,
2008-08-20,0.0061973316433971,
2008-08-21,0.0024949640993341,
2008-08-22,0.0113326713213863,
2008-08-25,-0.0196254343830952,
2008-08-26,0.0036863724474374,
2008-08-27,0.0079826539595495,
2008-08-28,0.0148401440506986,
2008-08-29,-0.0137236652513601,
2008-09-02,-0.0040925143470661,
2008-09-03,-0.0020350785667978,
2008-09-04,-0.0299220575997095,
2008-09-05,0.0044307647241528,
2008-09-08,0.020510161929778,
2008-09-09,-0.0341381679642155,
2008-09-10,0.0061494224112681,
2008-09-11,0.013806377411702,
2008-09-12,0.0021215341580878,
2008-09-15,-0.047135897021297,
2008-09-16,0.0175232877250706,
2008-09-17,-0.0471407070603132,
2008-09-18,0.043341774386062,
2008-09-19,0.0402565630586833,
2008-09-22,-0.0382365999893985,
2008-09-23,-0.0156326335662676,
2008-09-24,-0.0019777277304529,
2008-09-25,0.0196565042455993,
2008-09-26,0.0033824291161275,
2008-09-29,-0.0880677622176959,
2008-09-30,0.0541746705821724,
2008-10-01,-0.0045439888408166,
2008-10-02,-0.0402907919798171,
2008-10-03,-0.0135065229856284,
2008-10-06,-0.0385178411912102,
2008-10-07,-0.0573948408433637,
2008-10-08,-0.011332702537251,
2008-10-09,-0.0761670958081661,
2008-10-10,-0.0117592891770657,
2008-10-13,0.115800369515137,
2008-10-14,-0.0053221367919943,
2008-10-15,-0.0903497780862258,
2008-10-16,0.0425074513997565,
2008-10-17,-0.0062128260181065,
2008-10-20,0.0476849047931369,
2008-10-21,-0.0307997116593745,
2008-10-22,-0.0610124697564262,
2008-10-23,0.012634041442215,
2008-10-24,-0.0345112005438191,
2008-10-27,-0.0317643578141315,
2008-10-28,0.1078900587797353,
2008-10-29,-0.0110790770985551,
2008-10-30,0.0258039537109555,
2008-10-31,0.0153653981614798,
2008-11-03,-0.0025290448588709,
2008-11-04,0.0408258436359243,
2008-11-05,-0.0526770872172508,
2008-11-06,-0.0502639815136067,
2008-11-07,0.0288546384168848,
2008-11-10,-0.012653163176065,
2008-11-11,-0.0220406754510207,
2008-11-12,-0.0518939026426297,
2008-11-13,0.0692127080596698,
2008-11-14,-0.0416991308104343,
2008-11-17,-0.0258104164647106,
2008-11-18,0.0098383721624302,
2008-11-19,-0.0611555758519821,
2008-11-20,-0.0671229307710544,
2008-11-21,0.0632476033983515,
2008-11-24,0.0647225308620311,
2008-11-25,0.0065507767058814,
2008-11-26,0.0353281208199791,
2008-11-28,0.0096431119651474,
2008-12-01,-0.0892952436107991,
2008-12-02,0.039940670548431,
2008-12-03,0.0258361620843978,
2008-12-04,-0.0293084271050659,
2008-12-05,0.036499417536751,
2008-12-08,0.0383873487297306,
2008-12-09,-0.0231175431622275,
2008-12-10,0.0118941874120748,
2008-12-11,-0.0285240465920793,
2008-12-12,0.0070284154174495,
2008-12-15,-0.0126856801431103,
2008-12-16,0.0513602645444681,
2008-12-17,-0.0095928621256325,
2008-12-18,-0.0211626832389245,
2008-12-19,0.0029368962361011,
2008-12-22,-0.018302022695223,
2008-12-23,-0.0097174623301546,
2008-12-24,0.0057811430381233,
2008-12-26,0.0053561749100272,
2008-12-29,-0.0038725995990896,
2008-12-30,0.0244071129665697,
2008-12-31,0.0141583413547168,
2009-01-02,0.0316080684118114,
2009-01-05,-0.0046683576335311,
2009-01-06,0.0078171328961949,
2009-01-07,-0.0300096153061307,
2009-01-08,0.0033970727091503,
2009-01-09,-0.0213030297988274,
2009-01-12,-0.0225641223914128,
2009-01-13,0.0017580587922576,
2009-01-14,-0.0334598741042665,
2009-01-15,0.0013291817470242,
2009-01-16,0.0075615769747268,
2009-01-20,-0.0528161020467152,
2009-01-21,0.0434912456290301,
2009-01-22,-0.0151623231248745,
2009-01-23,0.005377658256231,
2009-01-26,0.0055532123918495,
2009-01-27,0.0109255825195933,
2009-01-28,0.0335576073896048,
2009-01-29,-0.0331201721991711,
2009-01-30,-0.0227891348555265,
2009-02-02,-0.0005327680035899,
2009-02-03,0.0158339882796587,
2009-02-04,-0.0074895102309278,
2009-02-05,0.0163656626615591,
2009-02-06,0.0268960225295751,
2009-02-09,0.0014851935283901,
2009-02-10,-0.049121200133761,
2009-02-11,0.0079549510414884,
2009-02-12,0.0017391659558319,
2009-02-13,-0.0099976958075755,
2009-02-17,-0.0455590473632177,
2009-02-18,-0.000950365594538,
2009-02-19,-0.0120240235841793,
2009-02-20,-0.011412964567969,
2009-02-23,-0.0346990080211634,
2009-02-24,0.0401033146425333,
2009-02-25,-0.0106578240399598,
2009-02-26,-0.0157798495737593,
2009-02-27,-0.0235644034266209,
2009-03-02,-0.0466201666180243,
2009-03-03,-0.0064067666268805,
2009-03-04,0.0237530734298498,
2009-03-05,-0.0425323095822465,
2009-03-06,0.0012160531897855,
2009-03-09,-0.0100236699010708,
2009-03-10,0.0636630222221259,
2009-03-11,0.0024458168779006,
2009-03-12,0.0407286313067307,
2009-03-13,0.0077390276715909,
2009-03-16,-0.0035159251701146,
2009-03-17,0.0321399408374565,
2009-03-18,0.0208579403827113,
2009-03-19,-0.0129791626807677,
2009-03-20,-0.0197694000744684,
2009-03-23,0.0707575486474922,
2009-03-24,-0.0204150927694788,
2009-03-25,0.009626370531222,
2009-03-26,0.0233203670748525,
2009-03-27,-0.0203155190641246,
2009-03-30,-0.0348187036540978,
2009-03-31,0.0131296146631312,
2009-04-01,0.0165566095397735,
2009-04-02,0.0287271136041165,
2009-04-03,0.009731770979253,
2009-04-06,-0.0083323673961424,
2009-04-07,-0.0238545424686291,
2009-04-08,0.0117834412303394,
2009-04-09,0.0380532568665477,
2009-04-13,0.0025333694269418,
2009-04-14,-0.0200644915871515,
2009-04-15,0.012549016706588,
2009-04-16,0.015538800404093,
2009-04-17,0.004969360746134,
2009-04-20,-0.0427897446897096,
2009-04-21,0.0212520598879093,
2009-04-22,-0.007681664273476,
2009-04-23,0.0099223463200877,
2009-04-24,0.0167973493352167,
2009-04-27,-0.0100665768903615,
2009-04-28,-0.0027405354973477,
2009-04-29,0.0216100403249146,
2009-04-30,-0.0009500676204463,
2009-05-01,0.005396388659423,
2009-05-04,0.0338681398049478,
2009-05-05,-0.0037917226736418,
2009-05-06,0.017404339141803,
2009-05-07,-0.01320241238638,
2009-05-08,0.0240689951043535,
2009-05-11,-0.021512424969641,
2009-05-12,-0.0009788555914792,
2009-05-13,-0.0268949120189302,
2009-05-14,0.0103516433511747,
2009-05-15,-0.0114100824771141,
2009-05-18,0.0303892000514893,
2009-05-19,-0.0017368359715522,
2009-05-20,-0.0051314615249264,
2009-05-21,-0.0167575615175107,
2009-05-22,-0.0014972105684336,
2009-05-26,0.0263021613188767,
2009-05-27,-0.0189711634319815,
2009-05-28,0.0154189187388236,
2009-05-29,0.0135747574811191,
2009-06-01,0.0258175904547321,
2009-06-02,0.0019833011198484,
2009-06-03,-0.013739209309357,
2009-06-04,0.0114836568374754,
2009-06-05,-0.0025146903443468,
2009-06-08,-0.0010105544999865,
2009-06-09,0.0035031816087351,
2009-06-10,-0.0034803309393901,
2009-06-11,0.0061118991483348,
2009-06-12,0.0013969957389272,
2009-06-15,-0.0237685616800422,
2009-06-16,-0.0127203052577243,
2009-06-17,-0.0013815682214813,
2009-06-18,0.008410990281999,
2009-06-19,0.003114197291689,
2009-06-22,-0.0306003962518266,
2009-06-23,0.0023067249051313,
2009-06-24,0.0065244408610847,
2009-06-25,0.0214442773901308,
2009-06-26,-0.0014778272848223,
2009-06-29,0.009065138571521,
2009-06-30,-0.008530756458643,
2009-07-01,0.0043619302676731,
2009-07-02,-0.0291445460253774,
2009-07-06,0.0025657480163505,
2009-07-07,-0.019683485382449,
2009-07-08,-0.0016685376087061,
2009-07-09,0.003547222617954,
2009-07-10,-0.0040218287742166,
2009-07-13,0.0249337217344529,
2009-07-14,0.005316063622877,
2009-07-15,0.0296299181142223,
2009-07-16,0.0086417609704163,
2009-07-17,-0.0003826618994615,
2009-07-20,0.0114315488889404,
2009-07-21,0.0036272772274241,
2009-07-22,-0.0005342765996504,
2009-07-23,0.0232896648385825,
2009-07-24,0.0030421614531805,
2009-07-27,0.0029818259512661,
2009-07-28,-0.0026064444171983,
2009-07-29,-0.0045629639303047,
2009-07-30,0.0118955804702025,
2009-07-31,0.0007397825880415,
2009-08-03,0.0153421079046796,
2009-08-04,0.0030120976995926,
2009-08-05,-0.0029135918458756,
2009-08-06,-0.0056246547172351,
2009-08-07,0.013439205629671,
2009-08-10,-0.0033449498734695,
2009-08-11,-0.0126601135032119,
2009-08-12,0.011525139291026,
2009-08-13,0.0068800100684554,
2009-08-14,-0.0085313496982504,
2009-08-17,-0.0242608189855322,
2009-08-18,0.0101456550677876,
2009-08-19,0.0068609124048943,
2009-08-20,0.0109487314131611,
2009-08-21,0.0186227601145125,
2009-08-24,-0.0005457969176273,
2009-08-25,0.0023694665778091,
2009-08-26,0.000116726767692,
2009-08-27,0.0027817622117509,
2009-08-28,-0.0019883283833314,
2009-08-31,-0.0080764076856137,
2009-09-01,-0.0221238239480612,
2009-09-02,-0.0032964391204514,
2009-09-03,0.0085347979234733,
2009-09-04,0.0131175334992508,
2009-09-08,0.0088449331153426,
2009-09-09,0.0077823855847534,
2009-09-10,0.0104222297745626,
2009-09-11,-0.001350426341205,
2009-09-14,0.0063391150876768,
2009-09-15,0.0031353414238139,
2009-09-16,0.0153235275528824,
2009-09-17,-0.0030596387415048,
2009-09-18,0.0026373392706691,
2009-09-21,-0.0034072961546995,
2009-09-22,0.0065748687611755,
2009-09-23,-0.010068528001755,
2009-09-24,-0.0095110295010256,
2009-09-25,-0.0060907366295732,
2009-09-28,0.0178095860692244,
2009-09-29,-0.0022295764367475,
2009-09-30,-0.003328301020761,
2009-10-01,-0.0257596223566471,
2009-10-02,-0.0045055248419048,
2009-10-05,0.014875001786029,
2009-10-06,0.0137054863243137,
2009-10-07,0.0027116063324901,
2009-10-08,0.007469907470196,
2009-10-09,0.005640659492242,
2009-10-12,0.0043863696485366,
2009-10-13,-0.0027876120046986,
2009-10-14,0.0175458950913443,
2009-10-15,0.0041574687105543,
2009-10-16,-0.0080980561103058,
2009-10-19,0.0094053213845812,
2009-10-20,-0.0062391046376176,
2009-10-21,-0.0088538060793263,
2009-10-22,0.0106436189252552,
2009-10-23,-0.0121785491737571,
2009-10-26,-0.0117173255836698,
2009-10-27,-0.0033177910438061,
2009-10-28,-0.0195409377652757,
2009-10-29,0.02251995469034,
2009-10-30,-0.0280646878431084,
2009-11-02,0.0064564065035057,
2009-11-03,0.0024260023061419,
2009-11-04,0.0010426203926459,
2009-11-05,0.0192355517274844,
2009-11-06,0.0025032522365671,
2009-11-09,0.0222387600679749,
2009-11-10,-6.399009393143196e-05,
2009-11-11,0.0050319758747492,
2009-11-12,-0.0102593689916895,
2009-11-13,0.0057392942592462,
2009-11-16,0.0144676341971923,
2009-11-17,0.0009194063067201,
2009-11-18,-0.0004682411251595,
2009-11-19,-0.0134258639020569,
2009-11-20,-0.00321492323752,
2009-11-23,0.013615775701478,
2009-11-24,-0.0005333072620051,
2009-11-25,0.0045041200730666,
2009-11-27,-0.0172334752026234,
2009-11-30,0.0037929936925473,
2009-12-01,0.0120752264996293,
2009-12-02,0.0003426987066288,
2009-12-03,-0.008402100871871,
2009-12-04,0.0055094336691066,
2009-12-07,-0.0024683814508043,
2009-12-08,-0.0102515826818491,
2009-12-09,0.0036723720907769,
2009-12-10,0.0058397050040643,
2009-12-11,0.0036830940115837,
2009-12-14,0.0069594010665168,
2009-12-15,-0.0055469672849892,
2009-12-16,0.0011282300681465,
2009-12-17,-0.0118106141671242,
2009-12-18,0.0058298800312326,
2009-12-21,0.0105037583178928,
2009-12-22,0.0035635478920368,
2009-12-23,0.0022986585608189,
2009-12-24,0.0052561729339828,
2009-12-28,0.0011540807210652,
2009-12-29,-0.0014010516979849,
2009-12-30,0.0001954295711064,
2009-12-31,-0.0100495977679215,
2010-01-04,0.0160434176666868,
2010-01-05,0.0031156756258232,
2010-01-06,0.0005455206301101,
2010-01-07,0.0040012018741766,
2010-01-08,0.0028817272914287,
2010-01-11,0.0017467554316374,
2010-01-12,-0.0093811661483642,
2010-01-13,0.008325925658531,
2010-01-14,0.0024264254383745,
2010-01-15,-0.0108231301598693,
2010-01-19,0.0124996265993635,
2010-01-20,-0.0105978296629707,
2010-01-21,-0.0189449033897883,
2010-01-22,-0.0221409887643004,
2010-01-25,0.0045980980127011,
2010-01-26,-0.0042031995736809,
2010-01-27,0.0048801522109449,
2010-01-28,-0.0118177409595672,
2010-01-29,-0.0098291738280392,
2010-02-01,0.0142661088946718,
2010-02-02,0.0129729483771849,
2010-02-03,-0.0054743114293386,
2010-02-04,-0.0311406778880394,
2010-02-05,0.0028971189219608,
2010-02-08,-0.0088632904934471,
2010-02-09,0.0130401323165774,
2010-02-10,-0.0022325735201887,
2010-02-11,0.0096804375619492,
2010-02-12,-0.0027445928193718,
2010-02-16,0.0180007486455484,
2010-02-17,0.0042379594555796,
2010-02-18,0.0065847424489735,
2010-02-19,0.0021866220422972,
2010-02-22,-0.0010458578339902,
2010-02-23,-0.0121028095969314,
2010-02-24,0.0097204594242219,
2010-02-25,-0.0020810401799135,
2010-02-26,0.0014053791778985,
2010-03-01,0.0101585082728945,
2010-03-02,0.0023304422719907,
2010-03-03,0.0004292016020615,
2010-03-04,0.0037361180334851,
2010-03-05,0.0140074809470649,
2010-03-08,-0.0001755960133915,
2010-03-09,0.0017127370855292,
2010-03-10,0.0045245599549417,
2010-03-11,0.0040415193146134,
2010-03-12,-0.0002173459470393,
2010-03-15,0.000452194832708,
2010-03-16,0.0077791163013856,
2010-03-17,0.0058216758037441,
2010-03-18,-0.0003258460273372,
2010-03-19,-0.0050864464494398,
2010-03-22,0.0050952961938879,
2010-03-23,0.0071709669083201,
2010-03-24,-0.0054933042070419,
2010-03-25,-0.0017041673383189,
2010-03-26,0.0007377225995479,
2010-03-29,0.0056832349643523,
2010-03-30,4.265937281555665e-05,
2010-03-31,-0.0032728747486845,
2010-04-01,0.0074138011482498,
2010-04-05,0.0079279908444673,
2010-04-06,0.0016842957106795,
2010-04-07,-0.0058767071720416,
2010-04-08,0.0033743417473361,
2010-04-09,0.006683906562972,
2010-04-12,0.0017666094762833,
2010-04-13,0.0006854008197059,
2010-04-14,0.0111500668516668,
2010-04-15,0.0008425387276917,
2010-04-16,-0.0161265347444554,
2010-04-19,0.0045213312527665,
2010-04-20,0.0080583407848495,
2010-04-21,-0.0010189969053922,
2010-04-22,0.0022638793569429,
2010-04-23,0.0071235200993795,
2010-04-26,-0.0042964480997613,
2010-04-27,-0.0233819452571498,
2010-04-28,0.006462752419523,
2010-04-29,0.0129432280208421,
2010-04-30,-0.0166476801097963,
2010-05-03,0.0131205867818549,
2010-05-04,-0.0238384658450667,
2010-05-05,-0.0065865547286593,
2010-05-06,-0.0323534964113503,
2010-05-07,-0.0153082649980171,
2010-05-10,0.043974124451984,
2010-05-11,-0.0033972920184899,
2010-05-12,0.0137395239153412,
2010-05-13,-0.0121451449685835,
2010-05-14,-0.0188000145120921,
2010-05-17,0.0011093685155389,
2010-05-18,-0.0141959060371843,
2010-05-19,-0.0051302638735714,
2010-05-20,-0.038975903416611,
2010-05-21,0.0150243806861449,
2010-05-24,-0.0129080140007874,
2010-05-25,0.0003539373857135,
2010-05-26,-0.0056609945338124,
2010-05-27,0.032876173067238,
2010-05-28,-0.0123746883115906,
2010-06-01,-0.0171653212798507,
2010-06-02,0.025842707133391,
2010-06-03,0.0040513767112408,
2010-06-04,-0.0344114257719647,
2010-06-07,-0.013532073204129,
2010-06-08,0.0109760674921126,
2010-06-09,-0.0059416747587099,
2010-06-10,0.0295067928492038,
2010-06-11,0.0043796786236438,
2010-06-14,-0.0018046635646612,
2010-06-15,0.0234941911210408,
2010-06-16,-0.0005559347650669,
2010-06-17,0.0012830081640498,
2010-06-18,0.0013171307943036,
2010-06-21,-0.003856841152281,
2010-06-22,-0.0160706911272248,
2010-06-23,-0.0029854738442266,
2010-06-24,-0.0168035026188263,
2010-06-25,0.0028593621314492,
2010-06-28,-0.0020339383490284,
2010-06-29,-0.0310170186406103,
2010-06-30,-0.0101129704925228,
2010-07-01,-0.003240451675925,
2010-07-02,-0.0046623690102973,
2010-07-06,0.0053590344152254,
2010-07-07,0.0313308163937027,
2010-07-08,0.0094126781715115,
2010-07-09,0.0072038878182667,
2010-07-12,0.0007329020475055,
2010-07-13,0.0153788790918307,
2010-07-14,-0.0001551316306374,
2010-07-15,0.0011961033180916,
2010-07-16,-0.028819473359129,
2010-07-19,0.0059818900608321,
2010-07-20,0.0114165511960326,
2010-07-21,-0.0128198166083587,
2010-07-22,0.0225133732500304,
2010-07-23,0.0082200205483771,
2010-07-26,0.0112001661465177,
2010-07-27,-0.001049357346629,
2010-07-28,-0.0069219647113504,
2010-07-29,-0.0041586211074934,
2010-07-30,6.349921218862242e-05,
2010-08-02,0.0220225220618048,
2010-08-03,-0.0047963552167423,
2010-08-04,0.0060511125191855,
2010-08-05,-0.0012685245848381,
2010-08-06,-0.0037040386284354,
2010-08-09,0.0054830643822831,
2010-08-10,-0.0059674054882985,
2010-08-11,-0.0281787649541732,
2010-08-12,-0.0053787488495717,
2010-08-13,-0.004023574358396,
2010-08-16,0.0001204585432592,
2010-08-17,0.0121922160130401,
2010-08-18,0.0014827787168125,
2010-08-19,-0.0169353921894682,
2010-08-20,-0.0036630286052607,
2010-08-23,-0.0040403067038268,
2010-08-24,-0.0145124329625988,
2010-08-25,0.0032893427453595,
2010-08-26,-0.0076847864547324,
2010-08-27,0.0165867683993123,
2010-08-30,-0.0147192086888829,
2010-08-31,0.0003907944287471,
2010-09-01,0.0295046213339962,
2010-09-02,0.0090808358577023,
2010-09-03,0.0132190023873195,
2010-09-07,-0.0114711897884937,
2010-09-08,0.0064386993670755,
2010-09-09,0.0048322900955937,
2010-09-10,0.0048633328406357,
2010-09-13,0.0111306160537609,
2010-09-14,-0.0007131195389205,
2010-09-15,0.00354113887216,
2010-09-16,-0.0003643436665667,
2010-09-17,0.0008268557718451,
2010-09-20,0.0152097972059574,
2010-09-21,-0.0025640203908096,
2010-09-22,-0.0048254925148959,
2010-09-23,-0.0083313405844281,
2010-09-24,0.0211943927722582,
2010-09-27,-0.0056674323492107,
2010-09-28,0.0048503859585371,
2010-09-29,-0.0025877588476783,
2010-09-30,-0.0030837222376489,
2010-10-01,0.0044164382037734,
2010-10-04,-0.0080349324888034,
2010-10-05,0.020861340590796,
2010-10-06,-0.0006720045633211,
2010-10-07,-0.0016465185803191,
2010-10-08,0.0061222781734844,
2010-10-11,0.0001458369063549,
2010-10-12,0.0038187566053071,
2010-10-13,0.0071210202993794,
2010-10-14,-0.0036413861990395,
2010-10-15,0.0020274854479873,
2010-10-18,0.0072437445954209,
2010-10-19,-0.0158772502499705,
2010-10-20,0.0105240751988289,
2010-10-21,0.0017739084702186,
2010-10-22,0.002389258524164,
2010-10-25,0.0021469715968907,
2010-10-26,1.688528477283846e-05,
2010-10-27,-0.0026905835136716,
2010-10-28,0.0011248494058304,
2010-10-29,-0.0004392872986367,
2010-11-01,0.0009465333975153,
2010-11-02,0.0077592844934588,
2010-11-03,0.003678053944041,
2010-11-04,0.0192828628747927,
2010-11-05,0.0039227529870264,
2010-11-08,-0.0021209574072836,
2010-11-09,-0.0080522996819435,
2010-11-10,0.0043760807784734,
2010-11-11,-0.0042421265442214,
2010-11-12,-0.0118084922324198,
2010-11-15,-0.0012174356326716,
2010-11-16,-0.016205413633636,
2010-11-17,0.0002121628793485,
2010-11-18,0.0153573134939595,
2010-11-19,0.0025403732055502,
2010-11-22,-0.0015753666901773,
2010-11-23,-0.0142840327921811,
2010-11-24,0.0149229674935436,
2010-11-26,-0.0074685620680209,
2010-11-29,-0.0013788587647334,
2010-11-30,-0.0060702169446862,
2010-12-01,0.021616955152617,
2010-12-02,0.0128185625181866,
2010-12-03,0.0026032365675492,
2010-12-06,-0.0012982386614177,
2010-12-07,0.0005150801927265,
2010-12-08,0.0037017604060265,
2010-12-09,0.0038427480627742,
2010-12-10,0.0060016418605535,
2010-12-13,4.832031784740565e-05,
2010-12-14,0.000910956353608,
2010-12-15,-0.0051224522802586,
2010-12-16,0.0061850948966915,
2010-12-17,0.0008368043854836,
2010-12-20,0.0025483530061645,
2010-12-21,0.0060301021556312,
2010-12-22,0.0033795554893063,
2010-12-23,-0.0016443283858672,
2010-12-27,0.000612697247136,
2010-12-28,0.0007713239125555,
2010-12-29,0.0010091453555356,
2010-12-30,-0.0015082191889665,
2010-12-31,-0.0001907894500615,
2011-01-03,0.0113148280135852,
2011-01-04,-0.0013130618315739,
2011-01-05,0.005007170261664,
2011-01-06,-0.0021229577014949,
2011-01-07,-0.0018447820630185,
2011-01-10,-0.0013763271726306,
2011-01-11,0.0037251273626697,
2011-01-12,0.0090075800676976,
2011-01-13,-0.001710746243041,
2011-01-14,0.0073845425910101,
2011-01-18,0.0013764106510134,
2011-01-19,-0.0101156548843771,
2011-01-20,-0.0012949592195925,
2011-01-21,0.00241354552727,
2011-01-24,0.0058362803419662,
2011-01-25,0.0002634624737614,
2011-01-26,0.0042209071896761,
2011-01-27,0.0022443057531671,
2011-01-28,-0.0178525266977723,
2011-01-31,0.0076625582202067,
2011-02-01,0.0166935984081086,
2011-02-02,-0.0027225174683901,
2011-02-03,0.0023541990752451,
2011-02-04,0.0028842625672607,
2011-02-07,0.0062401715970363,
2011-02-08,0.0041847520993167,
2011-02-09,-0.0027857656113878,
2011-02-10,0.0007494929370688,
2011-02-11,0.0055073716203306,
2011-02-14,0.0023849240618247,
2011-02-15,-0.0032349110552927,
2011-02-16,0.00625743515661,
2011-02-17,0.0030756911421465,
2011-02-18,0.0019247226272978,
2011-02-22,-0.0205285650582651,
2011-02-23,-0.0061119605229505,
2011-02-24,-0.0009943772402082,
2011-02-25,0.010550516464632,
2011-02-28,0.0055610856995778,
2011-03-01,-0.0157396777546758,
2011-03-02,0.0016152009236127,
2011-03-03,0.0172190014871151,
2011-03-04,-0.0073780374502926,
2011-03-07,-0.0083412325077444,
2011-03-08,0.0089227338986832,
2011-03-09,-0.0013617034323515,
2011-03-10,-0.0188709518121802,
2011-03-11,0.0070805136621838,
2011-03-14,-0.0060493256595295,
2011-03-15,-0.0112003481723728,
2011-03-16,-0.0194949490428555,
2011-03-17,0.0133982287528573,
2011-03-18,0.0043102018973169,
2011-03-21,0.0149858463666614,
2011-03-22,-0.0035505671176587,
2011-03-23,0.0029139796674342,
2011-03-24,0.0093407484565519,
2011-03-25,0.0031611368907891,
2011-03-28,-0.0027478362670904,
2011-03-29,0.0070600450420736,
2011-03-30,0.0066847062019166,
2011-03-31,-0.0018295015230987,
2011-04-01,0.0049629879721382,
2011-04-04,0.0003452097520288,
2011-04-05,-0.0001800552456384,
2011-04-06,0.0021836775166588,
2011-04-07,-0.001520006317669,
2011-04-08,-0.0040044437471085,
2011-04-11,-0.0027933795260068,
2011-04-12,-0.0077766992295651,
2011-04-13,0.000190235582804,
2011-04-14,8.367659155239515e-05,
2011-04-15,0.0039254131569084,
2011-04-18,-0.0110178516539773,
2011-04-19,0.0057311708972196,
2011-04-20,0.0135149474336562,
2011-04-21,0.005276781930114,
2011-04-25,-0.0015926699031209,
2011-04-26,0.0089795845230293,
2011-04-27,0.0062498470995118,
2011-04-28,0.0035554240499382,
2011-04-29,0.0023006622131507,
2011-05-02,-0.0017527113134341,
2011-05-03,-0.003379303628319,
2011-05-04,-0.0068553086801006,
2011-05-05,-0.0090698358150064,
2011-05-06,0.0038199203649145,
2011-05-09,0.0045441636416265,
2011-05-10,0.0080740366501983,
2011-05-11,-0.011111495877577,
2011-05-12,0.0048954373617866,
2011-05-13,-0.0080673300603242,
2011-05-16,-0.0062043914177665,
2011-05-17,-0.0003685605881837,
2011-05-18,0.0088037994658585,
2011-05-19,0.0021779408643529,
2011-05-20,-0.0076882675218735,
2011-05-23,-0.0119255846011242,
2011-05-24,-0.0008273801774386,
2011-05-25,0.0031831687125787,
2011-05-26,0.0039531157988739,
2011-05-27,0.0040809196862041,
2011-05-31,0.0105927246972796,
2011-06-01,-0.0227846442583121,
2011-06-02,-0.0012248353901096,
2011-06-03,-0.0097338094634201,
2011-06-06,-0.0107602063335239,
2011-06-07,-0.0009564073932939,
2011-06-08,-0.0041868749185368,
2011-06-09,0.0073774898980705,
2011-06-10,-0.013979844477308,
2011-06-13,0.0006687560771996,
2011-06-14,0.012611779574887,
2011-06-15,-0.0174318458050823,
2011-06-16,0.0017543350239683,
2011-06-17,0.00304501696614,
2011-06-20,0.0053951909961167,
2011-06-21,0.0134234756847213,
2011-06-22,-0.0064684487746045,
2011-06-23,-0.0028279865492579,
2011-06-24,-0.011725787945559,
2011-06-27,0.0091844573002659,
2011-06-28,0.012944354874931,
2011-06-29,0.0082827472451643,
2011-06-30,0.0101192281861679,
2011-07-01,0.0144097021790914,
2011-07-05,-0.0013361790618444,
2011-07-06,0.0010015590452223,
2011-07-07,0.0104538464974126,
2011-07-08,-0.0069611165065096,
2011-07-11,-0.0180905326018925,
2011-07-12,-0.0044335126671922,
2011-07-13,0.0031058402676469,
2011-07-14,-0.0067161276923011,
2011-07-15,0.0055544244717742,
2011-07-18,-0.0081298897709189,
2011-07-19,0.0163087081888775,
2011-07-20,-0.0006708332980633,
2011-07-21,0.0135461922032953,
2011-07-22,0.0009078513609139,
2011-07-25,-0.0056430132712504,
2011-07-26,-0.0041049715381034,
2011-07-27,-0.0203086685194329,
2011-07-28,-0.0032339665839667,
2011-07-29,-0.0064505326985068,
2011-08-01,-0.0041322993233366,
2011-08-02,-0.0255566647051034,
2011-08-03,0.0050156825862455,
2011-08-04,-0.0478204462016106,
2011-08-05,-0.0005749176607442,
2011-08-08,-0.0666344641564382,
2011-08-09,0.0474068481332115,
2011-08-10,-0.0441524039791925,
2011-08-11,0.0462900214414874,
2011-08-12,0.0052616692831877,
2011-08-15,0.0217846220885318,
2011-08-16,-0.0097385454124592,
2011-08-17,0.0009473866272851,
2011-08-18,-0.0445937143129993,
2011-08-19,-0.0150089815024392,
2011-08-22,0.0002580411601182,
2011-08-23,0.0342848775945863,
2011-08-24,0.0131199727451385,
2011-08-25,-0.0155655200702319,
2011-08-26,0.0151216101525366,
2011-08-29,0.0282800015684083,
2011-08-30,0.0023470249849313,
2011-08-31,0.0049219820654511,
2011-09-01,-0.0118714326388985,
2011-09-02,-0.0252819383032204,
2011-09-06,-0.0074362894167738,
2011-09-07,0.0286464635290266,
2011-09-08,-0.0106121796356996,
2011-09-09,-0.0267054922787106,
2011-09-12,0.0069657167103169,
2011-09-13,0.0091200628148462,
2011-09-14,0.0134798048032342,
2011-09-15,0.0171870736594299,
2011-09-16,0.0057066970727697,
2011-09-19,-0.0098025870260805,
2011-09-20,-0.0016610054537223,
2011-09-21,-0.0293904425286323,
2011-09-22,-0.0318831215164355,
2011-09-23,0.0060820095973828,
2011-09-26,0.0233361458317109,
2011-09-27,0.0106883823318553,
2011-09-28,-0.0206911349419179,
2011-09-29,0.0081142297924254,
2011-09-30,-0.0249741294889952,
2011-10-03,-0.0284510281118181,
2011-10-04,0.0224884429485661,
2011-10-05,0.0178656337002049,
2011-10-06,0.0183036641259493,
2011-10-07,-0.008163308930517,
2011-10-10,0.0341249848925491,
2011-10-11,0.0005440035535435,
2011-10-12,0.0097947041126975,
2011-10-13,-0.0029736722471008,
2011-10-14,0.017380257947384,
2011-10-17,-0.0193698831879832,
2011-10-18,0.0204187164451745,
2011-10-19,-0.0126491373600324,
2011-10-20,0.0045541787147385,
2011-10-21,0.0188087651503168,
2011-10-24,0.0128729589390268,
2011-10-25,-0.0200447250836162,
2011-10-26,0.0105365531568242,
2011-10-27,0.0342914378585446,
2011-10-28,0.0003892292585989,
2011-10-31,-0.0247375030836032,
2011-11-01,-0.0279422470014222,
2011-11-02,0.0161046677655145,
2011-11-03,0.0187818075300587,
2011-11-04,-0.0062800172794605,
2011-11-07,0.0062957436156181,
2011-11-08,0.0117356388649993,
2011-11-09,-0.0366951429139722,
2011-11-10,0.0086241768745332,
2011-11-11,0.0194805399413251,
2011-11-14,-0.0095501416483129,
2011-11-15,0.0048171636835123,
2011-11-16,-0.0166162007302033,
2011-11-17,-0.016799952076269,
2011-11-18,-0.0003946785843806,
2011-11-21,-0.0186484954469025,
2011-11-22,-0.0041408418306474,
2011-11-23,-0.0220952149228188,
2011-11-25,-0.0026855068577668,
2011-11-28,0.0292404253133617,
2011-11-29,0.0022136534904502,
2011-11-30,0.0433153072475978,
2011-12-01,-0.0019086457924624,
2011-12-02,-0.0002409863314554,
2011-12-05,0.0102870145436999,
2011-12-06,0.0011057487964409,
2011-12-07,0.0020183549243377,
2011-12-08,-0.0211418101150859,
2011-12-09,0.0168833525600549,
2011-12-12,-0.0149140541089359,
2011-12-13,-0.0086860097607285,
2011-12-14,-0.0113483674229523,
2011-12-15,0.0032431003656709,
2011-12-16,0.0032161498496299,
2011-12-19,-0.0117328256995602,
2011-12-20,0.0298254232964261,
2011-12-21,0.0019495059855065,
2011-12-22,0.0082655497531838,
2011-12-23,0.0090350526751894,
2011-12-27,7.9107947907886e-05,
2011-12-28,-0.0124780022540123,
2011-12-29,0.0107070874219539,
2011-12-30,-0.004291336527923,
2012-01-03,0.0154739848804035,
2012-01-04,0.0001879239999402,
2012-01-05,0.0029437169199786,
2012-01-06,-0.0025369614626558,
2012-01-09,0.0022615979258335,
2012-01-10,0.0088857697483313,
2012-01-11,0.0003095972599744,
2012-01-12,0.0023366083629046,
2012-01-13,-0.0049479229484272,
2012-01-17,0.0035529546008725,
2012-01-18,0.0111079290924624,
2012-01-19,0.0049386568794407,
2012-01-20,0.0006694597815233,
2012-01-23,0.0004713429692453,
2012-01-24,-0.0010258173145422,
2012-01-25,0.0086791419524545,
2012-01-26,-0.0057538908840252,
2012-01-27,-0.0015928775670267,
2012-01-30,-0.0025221231757218,
2012-01-31,-0.0004569466961219,
2012-02-01,0.0088996055626209,
2012-02-02,0.0010951470667548,
2012-02-03,0.0146053568968425,
2012-02-06,-0.0004238741534883,
2012-02-07,0.0020233818053272,
2012-02-08,0.0021602108339675,
2012-02-09,0.0014741105602813,
2012-02-10,-0.0068863026440938,
2012-02-13,0.0068000393129972,
2012-02-14,-0.0009395233752043,
2012-02-15,-0.0053832058728249,
2012-02-16,0.0110257058054807,
2012-02-17,0.0023489303072772,
2012-02-21,0.0007199227777898,
2012-02-22,-0.0033401068031253,
2012-02-23,0.0042720022772981,
2012-02-24,0.0016722378083675,
2012-02-27,0.001354559139489,
2012-02-28,0.0033563334079245,
2012-02-29,-0.0047369876733168,
2012-03-01,0.006158039788692,
2012-03-02,-0.0032457561356525,
2012-03-05,-0.0038696938656644,
2012-03-06,-0.0153701607225316,
2012-03-07,0.0069006220464606,
2012-03-08,0.0098179319170326,
2012-03-09,0.003631250092162,
2012-03-12,0.0001604606592227,
2012-03-13,0.0181315493303089,
2012-03-14,-0.001196261996068,
2012-03-15,0.0059671989229153,
2012-03-16,0.0011193985360786,
2012-03-19,0.0039738463861609,
2012-03-20,-0.0030005181548147,
2012-03-21,-0.0018711970276237,
2012-03-22,-0.0072065416718331,
2012-03-23,0.0031088585157796,
2012-03-26,0.0138858247507125,
2012-03-27,-0.0028167751776319,
2012-03-28,-0.0049415090563221,
2012-03-29,-0.0016079298367995,
2012-03-30,0.0036984360198231,
2012-04-02,0.0075046458776102,
2012-04-03,-0.0039886359960829,
2012-04-04,-0.0102025243710081,
2012-04-05,-0.000629042222354,
2012-04-09,-0.0113584382738918,
2012-04-10,-0.0170814543377354,
2012-04-11,0.0074488958197751,
2012-04-12,0.0137793878102883,
2012-04-13,-0.0124750010402945,
2012-04-16,-0.0005036003909072,
2012-04-17,0.0154866738024461,
2012-04-18,-0.0040552887801307,
2012-04-19,-0.0059343969679566,
2012-04-20,0.001169265680053,
2012-04-23,-0.0084075701249225,
2012-04-24,0.0036797734446916,
2012-04-25,0.0136445921578962,
2012-04-26,0.0066801655681107,
2012-04-27,0.0024143237260298,
2012-04-30,-0.0038835019016946,
2012-05-01,0.0056583842421709,
2012-05-02,-0.002496683664631,
2012-05-03,-0.0076588713308223,
2012-05-04,-0.0161472089585192,
2012-05-07,0.0003505810220649,
2012-05-08,-0.0042786734178289,
2012-05-09,-0.0067022664805039,
2012-05-10,0.0025174107770054,
2012-05-11,-0.0033873413051768,
2012-05-14,-0.0111128639192796,
2012-05-15,-0.0057458374465044,
2012-05-16,-0.0044038185569877,
2012-05-17,-0.0150513758617392,
2012-05-18,-0.0073877770463167,
2012-05-21,0.0160359012376676,
2012-05-22,0.0004863370186602,
2012-05-23,0.0016937032123527,
2012-05-24,0.0013800315269174,
2012-05-25,-0.0021656323299791,
2012-05-29,0.0110789775927762,
2012-05-30,-0.014334892170861,
2012-05-31,-0.0022766655169013,
2012-06-01,-0.0246425847497299,
2012-06-04,0.0001095541956104,
2012-06-05,0.0057268506638095,
2012-06-06,0.0230494009201185,
2012-06-07,-0.000106464492421,
2012-06-08,0.0081141636244781,
2012-06-11,-0.0126201137828692,
2012-06-12,0.0116507371473095,
2012-06-13,-0.0070232509559875,
2012-06-14,0.0108146527822456,
2012-06-15,0.0103378154290596,
2012-06-18,0.001444746601191,
2012-06-19,0.0098156954180652,
2012-06-20,-0.0016863570122068,
2012-06-21,-0.0222616770390134,
2012-06-22,0.0071746042621787,
2012-06-25,-0.0159548534977054,
2012-06-26,0.0047727214863713,
2012-06-27,0.0089849055214854,
2012-06-28,-0.002109799583246,
2012-06-29,0.0249202387766662,
2012-07-02,0.0024593113157624,
2012-07-03,0.0062321108631679,
2012-07-05,-0.0046870230309741,
2012-07-06,-0.0094326494671396,
2012-07-09,-0.0016388318166757,
2012-07-10,-0.0081259264982284,
2012-07-11,-1.4923577632885989e-05,
2012-07-12,-0.0049870972826125,
2012-07-13,0.0164973623498927,
2012-07-16,-0.0023143137285598,
2012-07-17,0.0074096725778898,
2012-07-18,0.0066804909237472,
2012-07-19,0.0027170998915686,
2012-07-20,-0.0100616599136069,
2012-07-23,-0.0089090560696936,
2012-07-24,-0.009040932945028,
2012-07-25,-0.0003138614573022,
2012-07-26,0.0165409746993496,
2012-07-27,0.0190805655793353,
2012-07-30,-0.0004833595887074,
2012-07-31,-0.0043168283608459,
2012-08-01,-0.0028999798130677,
2012-08-02,-0.007503669467536,
2012-08-03,0.019040285885989,
2012-08-06,0.0023292692665812,
2012-08-07,0.0051067580075947,
2012-08-08,0.0006208264404641,
2012-08-09,0.0004136855394443,
2012-08-10,0.0021884418179392,
2012-08-13,-0.0012519007957618,
2012-08-14,-0.0001281464005684,
2012-08-15,0.0011396405267545,
2012-08-16,0.0071005103133532,
2012-08-17,0.0018721339981915,
2012-08-20,-2.1174829462955454e-05,
2012-08-21,-0.0034975361359129,
2012-08-22,0.0002264032488046,
2012-08-23,-0.0080722426465825,
2012-08-24,0.0064547309082079,
2012-08-27,-0.0004890148137838,
2012-08-28,-0.0008081822874276,
2012-08-29,0.0008443492265819,
2012-08-30,-0.0078058049627105,
2012-08-31,0.0050732955705157,
2012-09-04,-0.0011659590635981,
2012-09-05,-0.0010676612969652,
2012-09-06,0.0204355404636695,
2012-09-07,0.0040499740579702,
2012-09-10,-0.0061478299352235,
2012-09-11,0.003134955829505,
2012-09-12,0.0020926922328896,
2012-09-13,0.0163097473721778,
2012-09-14,0.0039589513185271,
2012-09-17,-0.0031246908205044,
2012-09-18,-0.0012797755200721,
2012-09-19,0.0011855539585148,
2012-09-20,-0.0005407337436069,
2012-09-21,-7.531901909729743e-05,
2012-09-24,-0.0022326539815202,
2012-09-25,-0.0105018557847808,
2012-09-26,-0.0057367349435899,
2012-09-27,0.0096489818346607,
2012-09-28,-0.004477753072888,
2012-10-01,0.002651506710448,
2012-10-02,0.0008722869484341,
2012-10-03,0.0036244096381636,
2012-10-04,0.0071744355576195,
2012-10-05,-0.0003215893631269,
2012-10-08,-0.0034567355331607,
2012-10-09,-0.0098909418123519,
2012-10-10,-0.0061880303548158,
2012-10-11,0.0001953895230313,
2012-10-12,-0.0029661372528556,
2012-10-15,0.0080779225240277,
2012-10-16,0.0102699332784914,
2012-10-17,0.0041170580193066,
2012-10-18,-0.002443729097514,
2012-10-19,-0.0165713045551927,
2012-10-22,0.0004395822665308,
2012-10-23,-0.0144439062876063,
2012-10-24,-0.0030853828766044,
2012-10-25,0.0029955426464063,
2012-10-26,-0.0007289817322603,
2012-10-31,0.0001558796992584,
2012-11-01,0.010926475234507,
2012-11-02,-0.0093794541633271,
2012-11-05,0.0021638090082058,
2012-11-06,0.0078531848821818,
2012-11-07,-0.0237050000380297,
2012-11-08,-0.0122048426162838,
2012-11-09,0.0016986924259887,
2012-11-12,0.0001304878893526,
2012-11-13,-0.0039854205221913,
2012-11-14,-0.0138520357188847,
2012-11-15,-0.0015935449138314,
2012-11-16,0.0048399496359483,
2012-11-19,0.0198620537610982,
2012-11-20,0.0006633863793055,
2012-11-21,0.0023201811250652,
2012-11-23,0.0130263148426397,
2012-11-26,-0.0020295818770267,
2012-11-27,-0.005226587298556,
2012-11-28,0.0078560286824322,
2012-11-29,0.0042696426287907,
2012-11-30,0.0001625075369875,
2012-12-03,-0.0047452248432875,
2012-12-04,-0.0017098123935156,
2012-12-05,0.0015848622233496,
2012-12-06,0.0033065906083264,
2012-12-07,0.0029209195962771,
2012-12-10,0.0003385605486661,
2012-12-11,0.0065488820784729,
2012-12-12,0.0004482397633895,
2012-12-13,-0.0063214251654488,
2012-12-14,-0.0041354012604257,
2012-12-17,0.0118705908533878,
2012-12-18,0.0114866564215994,
2012-12-19,-0.0075892010397479,
2012-12-20,0.0054881094928513,
2012-12-21,-0.0093786876280365,
2012-12-24,-0.0024402965946211,
2012-12-26,-0.0047874601946967,
2012-12-27,-0.0012184420122794,
2012-12-28,-0.0110499415730723,
2012-12-31,0.0169419413342162,
2013-01-02,0.0254034203209558,
2013-01-03,-0.002085617494613,
2013-01-04,0.0048650963153229,
2013-01-07,-0.0031231161538831,
2013-01-08,-0.003242371304872,
2013-01-09,0.0026558659385422,
2013-01-10,0.0075974151192663,
2013-01-11,-4.7513986152325494e-05,
2013-01-14,-0.0009306715612543,
2013-01-15,0.0011286697641588,
2013-01-16,0.0001969919103148,
2013-01-17,0.0056429221840408,
2013-01-18,0.0034032703971196,
2013-01-22,0.0044281068463145,
2013-01-23,0.001507477027169,
2013-01-24,6.614683421224399e-06,
2013-01-25,0.0054454816907181,
2013-01-28,-0.00184962161256,
2013-01-29,0.0051059951706642,
2013-01-30,-0.0038996213232838,
2013-01-31,-0.0025633010773032,
2013-02-01,0.0100527055696888,
2013-02-04,-0.0115387448209643,
2013-02-05,0.0104165102405513,
2013-02-06,0.0005491705981217,
2013-02-07,-0.001805399358229,
2013-02-08,0.0056579406115184,
2013-02-11,-0.0006061174841773,
2013-02-12,0.0015952722327035,
2013-02-13,0.0005922630933568,
2013-02-14,0.0006906716689645,
2013-02-15,-0.0010450813177572,
2013-02-19,0.0073364754717224,
2013-02-20,-0.01240413795523,
2013-02-21,-0.0063030573328013,
2013-02-22,0.0087724679218301,
2013-02-25,-0.0183095806591523,
2013-02-26,0.0061094639711458,
2013-02-27,0.0127259940771098,
2013-02-28,-0.0008640799292052,
2013-03-01,0.0023238554256483,
2013-03-04,0.0046107233731609,
2013-03-05,0.0095660164946995,
2013-03-06,0.0010845127144845,
2013-03-07,0.0018164914425815,
2013-03-08,0.0044811391226551,
2013-03-11,0.0032490857396794,
2013-03-12,-0.0024032529493148,
2013-03-13,0.0013140517676009,
2013-03-14,0.0056029905231624,
2013-03-15,-0.0016184626244926,
2013-03-18,-0.0055103324501805,
2013-03-19,-0.0024225306518709,
2013-03-20,0.0066974923764198,
2013-03-21,-0.0082824338285554,
2013-03-22,0.0071742563527021,
2013-03-25,-0.0033400389194234,
2013-03-26,0.0077851108025177,
2013-03-27,-0.0005883499068413,
2013-03-28,0.0040566694944186,
2013-04-01,-0.0044735804606589,
2013-04-02,0.0051722641117104,
2013-04-03,-0.0105461287016398,
2013-04-04,0.0040484519432537,
2013-04-05,-0.0042948956113281,
2013-04-08,0.0063027379529363,
2013-04-09,0.0035443321494683,
2013-04-10,0.0121891326051339,
2013-04-11,0.0035522505198095,
2013-04-12,-0.0028367670692315,
2013-04-15,-0.0229662905844324,
2013-04-16,0.0143072232903955,
2013-04-17,-0.0143276813942795,
2013-04-18,-0.0067010034398122,
2013-04-19,0.0088479023735221,
2013-04-22,0.0046616299630284,
2013-04-23,0.01041921875,
2013-04-24,6.340190171760796e-06,
2013-04-25,0.0040347322693841,
2013-04-26,-0.0018421130247733,
2013-04-29,0.0071860117222186,
2013-04-30,0.0024848996767714,
2013-05-01,-0.0093078836089327,
2013-05-02,0.0094079832613962,
2013-05-03,0.0105346668951806,
2013-05-06,0.0019077786269059,
2013-05-07,0.0052302695131376,
2013-05-08,0.0041390812999291,
2013-05-09,-0.0036871039064235,
2013-05-10,0.0043216553060214,
2013-05-13,4.2889368592202715e-05,
2013-05-14,0.0101421534799717,
2013-05-15,0.0051141362697153,
2013-05-16,-0.0050097411633732,
2013-05-17,0.0103000965190283,
2013-05-20,-0.0007076179249737,
2013-05-21,0.0017223862892454,
2013-05-22,-0.0082736575948135,
2013-05-23,-0.0029238323567192,
2013-05-24,-0.0005513654411685,
2013-05-28,0.006340981548631,
2013-05-29,-0.0070479818977746,
2013-05-30,0.0036703443919348,
2013-05-31,-0.014307241527974,
2013-06-03,0.0059359884278953,
2013-06-04,-0.0055108074885248,
2013-06-05,-0.0137797327425039,
2013-06-06,0.0084902939725308,
2013-06-07,0.0128315412294242,
2013-06-10,-0.000346813449944,
2013-06-11,-0.01015336716724,
2013-06-12,-0.0083695555156694,
2013-06-13,0.0147842913771965,
2013-06-14,-0.0058850161144361,
2013-06-17,0.007567364431436,
2013-06-18,0.0077911577672953,
2013-06-19,-0.0138514744862924,
2013-06-20,-0.0250103509428631,
2013-06-21,0.0026697765765555,
2013-06-24,-0.0121450156291358,
2013-06-25,0.009497272121224,
2013-06-26,0.0095904864440714,
2013-06-27,0.0061998311850259,
2013-06-28,-0.0042895624128758,
2013-07-01,0.0054037474676345,
2013-07-02,-0.0005449081736377,
2013-07-03,0.0008240472350893,
2013-07-05,0.0102017321423402,
2013-07-08,0.0052515464964768,
2013-07-09,0.0072296707228287,
2013-07-10,0.0001815924505412,
2013-07-11,0.0135542499063578,
2013-07-12,0.0030864836328623,
2013-07-15,0.0013748794328674,
2013-07-16,-0.0037087609119613,
2013-07-17,0.0027740472164057,
2013-07-18,0.0050329647425946,
2013-07-19,0.0016100503211176,
2013-07-22,0.0020330263437824,
2013-07-23,-0.0018519369130487,
2013-07-24,-0.0038112215188927,
2013-07-25,0.0025564722015867,
2013-07-26,0.0008282942843145,
2013-07-29,-0.0037360377549511,
2013-07-30,0.000373816937478,
2013-07-31,-0.0001364092114157,
2013-08-01,0.0125405698975342,
2013-08-02,0.0016404581697111,
2013-08-05,-0.00147983484055,
2013-08-06,-0.0057230335223921,
2013-08-07,-0.0038058649299111,
2013-08-08,0.0038854499389435,
2013-08-09,-0.0035699605256988,
2013-08-12,-0.00115292073614,
2013-08-13,0.0027760561347003,
2013-08-14,-0.00517661812008,
2013-08-15,-0.0142816013801979,
2013-08-16,-0.003304595389129,
2013-08-19,-0.0059003023983308,
2013-08-20,0.0038211953199089,
2013-08-21,-0.0057796029285055,
2013-08-22,0.0086193764843602,
2013-08-23,0.0039470109216155,
2013-08-26,-0.0040396577716411,
2013-08-27,-0.0158741947410402,
2013-08-28,0.0027476451857213,
2013-08-29,0.0019634016027962,
2013-08-30,-0.0031743183568806,
2013-09-03,0.0041642216024322,
2013-09-04,0.0081169532098424,
2013-09-05,0.0012098628337211,
2013-09-06,5.443114110303959e-05,
2013-09-09,0.0099928808237506,
2013-09-10,0.0073457893915929,
2013-09-11,0.0030522833735622,
2013-09-12,-0.0033804153149811,
2013-09-13,0.0027146797411015,
2013-09-16,0.0056931530442476,
2013-09-17,0.0042177393276741,
2013-09-18,0.0121776728963034,
2013-09-19,-0.0018429538196846,
2013-09-20,-0.0072168862636273,
2013-09-23,-0.0047195865268119,
2013-09-24,-0.0025971430708935,
2013-09-25,-0.0027394659504871,
2013-09-26,0.0034854258676535,
2013-09-27,-0.0040738011304656,
2013-09-30,-0.0060292307798877,
2013-10-01,0.007998543475556,
2013-10-02,-0.000666669547382,
2013-10-03,-0.0089794145839673,
2013-10-04,0.0070532243451535,
2013-10-07,-0.0085063619537488,
2013-10-08,-0.0123320788520676,
2013-10-09,0.0005739063518743,
2013-10-10,0.0218304960436588,
2013-10-11,0.0062862718070784,
2013-10-14,0.0040747203355586,
2013-10-15,-0.0070637234093202,
2013-10-16,0.0138275323949348,
2013-10-17,0.0067439531397044,
2013-10-18,0.0065487554026228,
2013-10-21,9.173641713244862e-05,
2013-10-22,0.0057375130796364,
2013-10-23,-0.004724557241463,
2013-10-24,0.0032581347646796,
2013-10-25,0.0043948435155207,
2013-10-28,0.0013296997870981,
2013-10-29,0.0055841950287509,
2013-10-30,-0.0048759235961551,
2013-10-31,-0.0038393812241105,
2013-11-01,0.0029034211987899,
2013-11-04,0.0035705586897418,
2013-11-05,-0.0028055878101066,
2013-11-06,0.0042655403417057,
2013-11-07,-0.0131827719721944,
2013-11-08,0.0134275595167436,
2013-11-11,0.0007229312538983,
2013-11-12,-0.0023703916199453,
2013-11-13,0.0080953442447977,
2013-11-14,0.0048372587638538,
2013-11-15,0.0042220340520966,
2013-11-18,-0.003698197185726,
2013-11-19,-0.002042965576817,
2013-11-20,-0.0036356111002209,
2013-11-21,0.0081285642558481,
2013-11-22,0.0049614579730026,
2013-11-25,-0.0012633420978621,
2013-11-26,0.0001498044550707,
2013-11-27,0.0024850813860768,
2013-11-29,-0.000785689641244,
2013-12-02,-0.0027190202847309,
2013-12-03,-0.0031928479771501,
2013-12-04,-0.0013034931835718,
2013-12-05,-0.0043395725384191,
2013-12-06,0.0112378706207756,
2013-12-09,0.0018171001772671,
2013-12-10,-0.0031796590385405,
2013-12-11,-0.0113168745877226,
2013-12-12,-0.0037705618911193,
2013-12-13,-0.0001014101441495,
2013-12-16,0.0063200398310685,
2013-12-17,-0.0031009879103561,
2013-12-18,0.0166479642976207,
2013-12-19,-0.0005799292044108,
2013-12-20,0.0048187283492318,
2013-12-23,0.005318120149893,
2013-12-24,0.0029157468493599,
2013-12-26,0.0047455291477069,
2013-12-27,-0.0003365843533803,
2013-12-30,-0.0001792538941152,
2013-12-31,0.0039596752297184,
2014-01-02,-0.0088619127294605,
2014-01-03,-0.0003329650749821,
2014-01-06,-0.002511767473641,
2014-01-07,0.0060817646626438,
2014-01-08,-0.0002122089839386,
2014-01-09,0.0003483091890779,
2014-01-10,0.0023066868083931,
2014-01-13,-0.0125762165073898,
2014-01-14,0.0108179717673475,
2014-01-15,0.0051661881007865,
2014-01-16,-0.0013471203041567,
2014-01-17,-0.003895174370902,
2014-01-21,0.0027737519941737,
2014-01-22,0.0005748652214816,
2014-01-23,-0.0088895767398506,
2014-01-24,-0.0208754485689854,
2014-01-27,-0.0048762939402385,
2014-01-28,0.006140652600219,
2014-01-29,-0.0102092322611575,
2014-01-30,0.0112670447438414,
2014-01-31,-0.0064652996420466,
2014-02-03,-0.0228319198201846,
2014-02-04,0.0076410889387432,
2014-02-05,-0.0020282227794392,
2014-02-06,0.0124397929256447,
2014-02-07,0.0133018867989465,
2014-02-10,0.0015692347655638,
2014-02-11,0.0110621136088691,
2014-02-12,-0.0002692623900948,
2014-02-13,0.005810025082904,
2014-02-14,0.0048092167247599,
2014-02-18,0.0011584739056558,
2014-02-19,-0.0065244842901351,
2014-02-20,0.0060314582621325,
2014-02-21,-0.0019187235651341,
2014-02-24,0.006186513465793,
2014-02-25,-0.0013476817370097,
2014-02-26,2.1699977565736717e-05,
2014-02-27,0.0049480829378962,
2014-02-28,0.0027826887923012,
2014-03-03,-0.0073785103462872,
2014-03-04,0.0152677011313326,
2014-03-05,-5.335132643191631e-05,
2014-03-06,0.0017184082710823,
2014-03-07,0.0005380892952486,
2014-03-10,-0.0004632463094992,
2014-03-11,-0.0050821389853683,
2014-03-12,0.0003051708783712,
2014-03-13,-0.0117010951305561,
2014-03-14,-0.0028217776974703,
2014-03-17,0.0096136346292403,
2014-03-18,0.0072196189337276,
2014-03-19,-0.0061316493356923,
2014-03-20,0.006040504799839,
2014-03-21,-0.0029326714097337,
2014-03-24,-0.0048647097432581,
2014-03-25,0.0044039398144655,
2014-03-26,-0.0070003197637347,
2014-03-27,-0.0019000838946738,
2014-03-28,0.0046402218845611,
2014-03-31,0.0079241022070266,
2014-04-01,0.0070393485966973,
2014-04-02,0.0028533268419763,
2014-04-03,-0.0011264502910314,
2014-04-04,-0.0125372880054578,
2014-04-07,-0.0107501123941728,
2014-04-08,0.0037505537703756,
2014-04-09,0.0109182127043403,
2014-04-10,-0.0208847955509128,
2014-04-11,-0.0094867736625443,
2014-04-14,0.0082172862255087,
2014-04-15,0.0067573077914855,
2014-04-16,0.0104884905586892,
2014-04-17,0.0013638529097057,
2014-04-21,0.003775123551313,
2014-04-22,0.0040921390251265,
2014-04-23,-0.0022133138632202,
2014-04-24,0.0017169605671216,
2014-04-25,-0.0080963909784891,
2014-04-28,0.0032360358580392,
2014-04-29,0.0047607570692913,
2014-04-30,0.0029920169771406,
2014-05-01,-0.000143261481426,
2014-05-02,-0.0013484450597095,
2014-05-05,0.0018712161263061,
2014-05-06,-0.0089883921605711,
2014-05-07,0.0056164684208124,
2014-05-08,-0.0013736249452109,
2014-05-09,0.0015194764311288,
2014-05-12,0.0096727376039313,
2014-05-13,0.0004217577030636,
2014-05-14,-0.0047010050881663,
2014-05-15,-0.0093618070333358,
2014-05-16,0.0037469652067796,
2014-05-19,0.0038447864907102,
2014-05-20,-0.0064983980974675,
2014-05-21,0.0081160989512405,
2014-05-22,0.0023622298736216,
2014-05-23,0.0042483918562254,
2014-05-27,0.0059878058790907,
2014-05-28,-0.0011140717108722,
2014-05-29,0.0053671102654548,
2014-05-30,0.0018436779311643,
2014-06-02,0.0007278261010281,
2014-06-03,-0.0003792165487565,
2014-06-04,0.0018916635486794,
2014-06-05,0.0065252795935566,
2014-06-06,0.0046277587012986,
2014-06-09,0.0009387712266117,
2014-06-10,-0.0002459836229459,
2014-06-11,-0.0035370410325543,
2014-06-12,-0.007088893503765,
2014-06-13,0.0031345616954687,
2014-06-16,0.0008367051734305,
2014-06-17,0.0021725690603942,
2014-06-18,0.0077188813071924,
2014-06-19,0.0012774785766593,
2014-06-20,0.0017300583227324,
2014-06-23,-0.0001324640787579,
2014-06-24,-0.0064353106205918,
2014-06-25,0.0048975112174378,
2014-06-26,-0.0011788839972913,
2014-06-27,0.001910868625069,
2014-06-30,-0.0003722566922789,
2014-07-01,0.0066777704405798,
2014-07-02,0.0006588129971369,
2014-07-03,0.0054795081158998,
2014-07-07,-0.0039235218501094,
2014-07-08,-0.0070488020147511,
2014-07-09,0.0046442678901692,
2014-07-10,-0.0041310718740547,
2014-07-11,0.0014709227452411,
2014-07-14,0.0048435529902501,
2014-07-15,-0.001932095663463,
2014-07-16,0.0042010849292086,
2014-07-17,-0.0118340264575521,
2014-07-18,0.0102649355688411,
2014-07-21,-0.0023202504717819,
2014-07-22,0.0050161501343055,
2014-07-23,0.0017544380056517,
2014-07-24,0.0004881559218916,
2014-07-25,-0.0048491507676875,
2014-07-28,0.0002881549022029,
2014-07-29,-0.0045277869398073,
2014-07-30,6.091277451791832e-05,
2014-07-31,-0.019999240340662,
2014-08-01,-0.0028591211370172,
2014-08-04,0.0071890323584131,
2014-08-05,-0.0096854699567607,
2014-08-06,1.563854864095049e-05,
2014-08-07,-0.0055566200056119,
2014-08-08,0.0115314024364712,
2014-08-11,0.0027594252503462,
2014-08-12,-0.0016366416131744,
2014-08-13,0.0067071600274726,
2014-08-14,0.0043458140539631,
2014-08-15,-6.137292417629503e-05,
2014-08-18,0.0085316722457224,
2014-08-19,0.0050006519117109,
2014-08-20,0.0024778129996876,
2014-08-21,0.0029498896671826,
2014-08-22,-0.0019925870761225,
2014-08-25,0.0047877788243617,
2014-08-26,0.0010510808940034,
2014-08-27,4.9987292607633904e-05,
2014-08-28,-0.0016899010514689,
2014-08-29,0.0033204147336349,
2014-09-02,-0.0005440661600049,
2014-09-03,-0.000779141064648,
2014-09-04,-0.0015344207755288,
2014-09-05,0.0050358853655501,
2014-09-08,-0.0030731141425024,
2014-09-09,-0.0065450090433294,
2014-09-10,0.0036460744169486,
2014-09-11,0.0008819054148185,
2014-09-12,-0.0059625584622972,
2014-09-15,-0.0007101514711097,
2014-09-16,0.007484376300642,
2014-09-17,0.0012956437010964,
2014-09-18,0.0048911800862372,
2014-09-19,-0.0004772695810254,
2014-09-22,-0.0080133232968189,
2014-09-23,-0.0057765015647701,
2014-09-24,0.0078324914861009,
2014-09-25,-0.0161687723586344,
2014-09-26,0.0085758246152374,
2014-09-29,-0.0025468022391962,
2014-09-30,-0.0027859286225064,
2014-10-01,-0.0132485609952343,
2014-10-02,5.143341477165109e-06,
2014-10-03,0.0111655096821337,
2014-10-06,-0.001565159859133,
2014-10-07,-0.0151260530305877,
2014-10-08,0.0174616502965272,
2014-10-09,-0.0206614150146935,
2014-10-10,-0.0114510123389012,
2014-10-13,-0.0164679295578096,
2014-10-14,0.0015788647774723,
2014-10-15,-0.0081003149241216,
2014-10-16,0.0001449777086941,
2014-10-17,0.0128841073859105,
2014-10-20,0.0091426572063835,
2014-10-21,0.0195744871823639,
2014-10-22,-0.0072993302004167,
2014-10-23,0.0123033771386817,
2014-10-24,0.0070534493928051,
2014-10-27,-0.00150156839521,
2014-10-28,0.0119390730601673,
2014-10-29,-0.0013853554985293,
2014-10-30,0.0062301242403934,
2014-10-31,0.0117313935415495,
2014-11-03,-0.0001189218446362,
2014-11-04,-0.0028298416808328,
2014-11-05,0.0057004974118071,
2014-11-06,0.0037755130048497,
2014-11-07,0.0003495862178053,
2014-11-10,0.003120184693883,
2014-11-11,0.0006966942090356,
2014-11-12,-0.0007011166816754,
2014-11-13,0.0005298447465655,
2014-11-14,0.0002402702088106,
2014-11-17,0.0007353590216279,
2014-11-18,0.0051339833121772,
2014-11-19,-0.0015011590075549,
2014-11-20,0.0019670962134916,
2014-11-21,0.0052368773596394,
2014-11-24,0.0028640233144536,
2014-11-25,-0.0011500296768531,
2014-11-26,0.0028059818899186,
2014-11-28,-0.0025424271805323,
2014-12-01,-0.0068293625274923,
2014-12-02,0.0063844610974581,
2014-12-03,0.0037647427417917,
2014-12-04,-0.0011618962070774,
2014-12-05,0.0016652165347093,
2014-12-08,-0.0072565652116833,
2014-12-09,-0.0002378235413311,
2014-12-10,-0.016350968819215,
2014-12-11,0.004535689211905,
2014-12-12,-0.0162135873359657,
2014-12-15,-0.0063425866118981,
2014-12-16,-0.0084890228871635,
2014-12-17,0.0203524157328469,
2014-12-18,0.0240152047397161,
2014-12-19,0.0045700489340145,
2014-12-22,0.0038104639078866,
2014-12-23,0.0017463617463617,
2014-12-24,-0.0001392965384107,
2014-12-26,0.0033095745703839,
2014-12-29,0.0008617745425745,
2014-12-30,-0.0048886047197381,
2014-12-31,-0.0103108584159301,
2015-01-02,-0.0003399636723855,
2015-01-05,-0.0182781051451137,
2015-01-06,-0.0088934717229465,
2015-01-07,0.0116298426717429,
2015-01-08,0.0178882806295161,
2015-01-09,-0.0084038110347154,
2015-01-12,-0.0080936851609125,
2015-01-13,-0.0025785552362955,
2015-01-14,-0.0058130673273852,
2015-01-15,-0.0092478759218379,
2015-01-16,0.0134241993958204,
2015-01-20,0.0015499523698385,
2015-01-21,0.0047316239687653,
2015-01-22,0.0152697219165804,
2015-01-23,-0.0054915224393071,
2015-01-26,0.0025684608570302,
2015-01-27,-0.013387862410411,
2015-01-28,-0.0134956093663483,
2015-01-29,0.0095346852870998,
2015-01-30,-0.0129919652520098,
2015-02-02,0.0129624637106697,
2015-02-03,0.0144394952932995,
2015-02-04,-0.0041560462088314,
2015-02-05,0.0102914066867774,
2015-02-06,-0.0034181723141418,
2015-02-09,-0.0042471943609877,
2015-02-10,0.0106755610192323,
2015-02-11,-2.903358867545336e-05,
2015-02-12,0.0096445064317758,
2015-02-13,0.0040747384917307,
2015-02-17,0.0015975744623728,
2015-02-18,-0.0003143092177338,
2015-02-19,-0.0010620573331896,
2015-02-20,0.0061265336267357,
2015-02-23,-0.0003033391953459,
2015-02-24,0.0027587708928666,
2015-02-25,-0.0007657236475081,
2015-02-26,-0.0014760282274807,
2015-02-27,-0.0029563045487578,
2015-03-02,0.0061249192578403,
2015-03-03,-0.0045385421527393,
2015-03-04,-0.0043885034830155,
2015-03-05,0.0011960799848387,
2015-03-06,-0.0141739465898818,
2015-03-09,0.0039444211911976,
2015-03-10,-0.0169613300858424,
2015-03-11,-0.0019176795748703,
2015-03-12,0.0126014395662084,
2015-03-13,-0.0060747109681946,
2015-03-16,0.013533671171787,
2015-03-17,-0.003320173700583,
2015-03-18,0.0121584214025691,
2015-03-19,-0.0048725794087878,
2015-03-20,0.0090127546697984,
2015-03-23,-0.0017457310425351,
2015-03-24,-0.0061394219569488,
2015-03-25,-0.0145589056523428,
2015-03-26,-0.0023774999967425,
2015-03-27,0.0023685613495147,
2015-03-30,0.0122366451873965,
2015-03-31,-0.0087957750508792,
2015-04-01,-0.003965371271123,
2015-04-02,0.0035296669586522,
2015-04-06,0.0066088151237357,
2015-04-07,-0.0020619040578628,
2015-04-08,0.0026825331277673,
2015-04-09,0.004457481018385,
2015-04-10,0.0052028650373423,
2015-04-13,-0.0045812805936512,
2015-04-14,0.0016297588743277,
2015-04-15,0.0051481956969028,
2015-04-16,-0.0007784436134247,
2015-04-17,-0.0113112455186064,
2015-04-20,0.0092351316726246,
2015-04-21,-0.0014806053255762,
2015-04-22,0.0050874803562075,
2015-04-23,0.0023577158936711,
2015-04-24,0.0022528005753266,
2015-04-27,-0.0041413142499162,
2015-04-28,0.0027692316953564,
2015-04-29,-0.003740335580798,
2015-04-30,-0.0101289066148392,
2015-05-01,0.010923001659165,
2015-05-04,0.0029407486906458,
2015-05-05,-0.0118373836776123,
2015-05-06,-0.0044557248130147,
2015-05-07,0.003773813438832,
2015-05-08,0.0134579011763649,
2015-05-11,-0.0050895605284355,
2015-05-12,-0.0029496376848567,
2015-05-13,-0.0003049547824864,
2015-05-14,0.0107792866255731,
2015-05-15,0.0007684139066803,
2015-05-18,0.0030479480492833,
2015-05-19,-0.0006433745436266,
2015-05-20,-0.0009305162517933,
2015-05-21,0.0023378744854138,
2015-05-22,-0.0022338863033564,
2015-05-26,-0.0102819801978378,
2015-05-27,0.0091626412623655,
2015-05-28,-0.0012667608976734,
2015-05-29,-0.0063184691730722,
2015-06-01,0.0020594612823712,
2015-06-02,-0.001008596189948,
2015-06-03,0.0021188711112078,
2015-06-04,-0.0086231675768898,
2015-06-05,-0.0014361829335245,
2015-06-08,-0.0064745097892824,
2015-06-09,0.0004183530042218,
2015-06-10,0.0120424248271244,
2015-06-11,0.0017386264178671,
2015-06-12,-0.0069942998817651,
2015-06-15,-0.0046225724936533,
2015-06-16,0.0056898566086796,
2015-06-17,0.001979641302692,
2015-06-18,0.0099027105789082,
2015-06-19,-0.0053035017498218,
2015-06-22,0.006094866554531,
2015-06-23,0.0006358685039113,
2015-06-24,-0.0073532969616433,
2015-06-25,-0.0029735743006855,
2015-06-26,-0.0003900796440671,
2015-06-29,-0.0208661939195624,
2015-06-30,0.0026584898861461,
2015-07-01,0.0069360401084006,
2015-07-02,-0.0003080227407983,
2015-07-06,-0.0038617568630825,
2015-07-07,0.0060809751085748,
2015-07-08,-0.016652749054007,
2015-07-09,0.0022622025726091,
2015-07-10,0.0123384851001515,
2015-07-13,0.0110660492396044,
2015-07-14,0.0044531592116336,
2015-07-15,-0.000734986066058,
2015-07-16,0.0080146804125622,
2015-07-17,0.0011061829940426,
2015-07-20,0.0007712338720222,
2015-07-21,-0.0042616893616069,
2015-07-22,-0.0023877098952062,
2015-07-23,-0.0056760402782682,
2015-07-24,-0.0107033280428355,
2015-07-27,-0.0057750151850509,
2015-07-28,0.0123861546267334,
2015-07-29,0.00731879534665,
2015-07-30,2.836730636679441e-05,
2015-07-31,-0.002271519985995,
2015-08-03,-0.0027568867336966,
2015-08-04,-0.0022497047793397,
2015-08-05,0.0031146787487494,
2015-08-06,-0.0077529852824311,
2015-08-07,-0.002874882444434,
2015-08-10,0.0128081664664447,
2015-08-11,-0.0095571024981548,
2015-08-12,0.0009500546545004,
2015-08-13,-0.0012752120935421,
2015-08-14,0.0039119641087868,
2015-08-17,0.0052114241851357,
2015-08-18,-0.0026255301863975,
2015-08-19,-0.008254876246131,
2015-08-20,-0.0211001700734777,
2015-08-21,-0.0318509657186373,
2015-08-24,-0.0394136928664656,
2015-08-25,-0.0135219949789724,
2015-08-26,0.0390338587745018,
2015-08-27,0.0242977486211253,
2015-08-28,0.0006087363616984,
2015-08-31,-0.0083916703692171,
2015-09-01,-0.0295764466409867,
2015-09-02,0.0182929750044313,
2015-09-03,0.0011647935451044,
2015-09-04,-0.0153295957239322,
2015-09-08,0.0250830535864803,
2015-09-09,-0.0138975605090728,
2015-09-10,0.0052779550337942,
2015-09-11,0.0044870432109727,
2015-09-14,-0.0040896557107467,
2015-09-15,0.0128313114225178,
2015-09-16,0.0087054143496938,
2015-09-17,-0.0025610593200119,
2015-09-18,-0.0161641657442799,
2015-09-21,0.0045657836051984,
2015-09-22,-0.0123184292742856,
2015-09-23,-0.0020486428903282,
2015-09-24,-0.0033629843293694,
2015-09-25,-0.0004657932858295,
2015-09-28,-0.0256660904689601,
2015-09-29,0.001232853252514,
2015-09-30,0.0190755559068616,
2015-10-01,0.0019738842280374,
2015-10-02,0.0143152892845419,
2015-10-05,0.0182898408005083,
2015-10-06,-0.0035882361830883,
2015-10-07,0.0080356336398674,
2015-10-08,0.008818435459823,
2015-10-09,0.0007251113267179,
2015-10-12,0.0012754772073804,
2015-10-13,-0.0068254239478691,
2015-10-14,-0.0047162741982138,
2015-10-15,0.0148527736191401,
2015-10-16,0.00457047427537,
2015-10-19,0.0002705455347167,
2015-10-20,-0.0014210903493528,
2015-10-21,-0.0058254149958992,
2015-10-22,0.0166275715641113,
2015-10-23,0.0110303445393233,
2015-10-26,-0.0019131006866738,
2015-10-27,-0.0025541185397203,
2015-10-28,0.011840033278637,
2015-10-29,-0.0004497742019048,
2015-10-30,-0.0048098770036724,
2015-11-02,0.0118738170065511,
2015-11-03,0.0027280673468637,
2015-11-04,-0.0035453672309846,
2015-11-05,-0.0011321483923818,
2015-11-06,-0.0003476213457177,
2015-11-09,-0.0098227293857185,
2015-11-10,0.0015105949543003,
2015-11-11,-0.0032280858125481,
2015-11-12,-0.013990375564759,
2015-11-13,-0.0112073647066993,
2015-11-16,0.0149032652649434,
2015-11-17,-0.0013393792481354,
2015-11-18,0.0161624517985254,
2015-11-19,-0.0011231091692577,
2015-11-20,0.0038101956899896,
2015-11-23,-0.001234860772866,
2015-11-24,0.00122199597434,
2015-11-25,-0.0001291322766768,
2015-11-27,0.0005936176807606,
2015-11-30,-0.0046409972747631,
2015-12-01,0.0106805733686374,
2015-12-02,-0.0109956931725662,
2015-12-03,-0.014373526666262,
2015-12-04,0.0205256690573854,
2015-12-07,-0.0069895029647873,
2015-12-08,-0.0064899016523778,
2015-12-09,-0.0077389850179799,
2015-12-10,0.002251387153161,
2015-12-11,-0.0194227672974829,
2015-12-14,0.0047555600174336,
2015-12-15,0.0106185610827318,
2015-12-16,0.0145149694303006,
2015-12-17,-0.0150405209099436,
2015-12-18,-0.0177972200067638,
2015-12-21,0.0077784025360287,
2015-12-22,0.008816736053143,
2015-12-23,0.0124180683007526,
2015-12-24,-0.001598636221499,
2015-12-28,-0.002178559942382,
2015-12-29,0.0106297629087648,
2015-12-30,-0.0072172285959659,
2015-12-31,-0.0094119130954266,
2016-01-04,-0.0153037310895943,
2016-01-05,0.0020122259542274,
2016-01-06,-0.0131153967026469,
2016-01-07,-0.0237004430144116,
2016-01-08,-0.0108383743902185,
2016-01-11,0.0008532721255336,
2016-01-12,0.0078027985167563,
2016-01-13,-0.0249654523042196,
2016-01-14,0.0166959053866622,
2016-01-15,-0.02159909800185,
2016-01-19,0.0005318215543925,
2016-01-20,-0.0116938551524135,
2016-01-21,0.0051954383611314,
2016-01-22,0.0202837010244947,
2016-01-25,-0.0156379820533789,
2016-01-26,0.0141443355902264,
2016-01-27,-0.0108634837956395,
2016-01-28,0.0055285772057875,
2016-01-29,0.0247602174153414,
2016-02-01,-0.0004432365871701,
2016-02-02,-0.0187430908302749,
2016-02-03,0.0049920389346194,
2016-02-04,0.0015267325638141,
2016-02-05,-0.0184812463108693,
2016-02-08,-0.0141539356563734,
2016-02-09,-0.0006636203533073,
2016-02-10,-0.0001889502774082,
2016-02-11,-0.0123011617925047,
2016-02-12,0.0195180495658551,
2016-02-16,0.0165166541221624,
2016-02-17,0.016480439210486,
2016-02-18,-0.0046657137070276,
2016-02-19,-2.6032942938902792e-05,
2016-02-22,0.0144541971861538,
2016-02-23,-0.0124543718677717,
2016-02-24,0.0044397868129728,
2016-02-25,0.0113482753599518,
2016-02-26,-0.0018701144822791,
2016-02-29,-0.0081209763419023,
2016-03-01,0.0238687918018947,
2016-03-02,0.0040943087350044,
2016-03-03,0.0034987406745825,
2016-03-04,0.0033058923144386,
2016-03-07,0.0008850141950174,
2016-03-08,-0.011240108649505,
2016-03-09,0.0050523932937867,
2016-03-10,0.0001558049334506,
2016-03-11,0.0163955005341884,
2016-03-14,-0.0012609729212871,
2016-03-15,-0.0018369416879204,
2016-03-16,0.0056003515456326,
2016-03-17,0.0065952364866208,
2016-03-18,0.0044056436889678,
2016-03-21,0.0009855772666846,
2016-03-22,-0.0008773877668368,
2016-03-23,-0.0063860316025012,
2016-03-24,-0.0003780702927851,
2016-03-28,0.0005452554858313,
2016-03-29,0.0088166517792884,
2016-03-30,0.0043503152606394,
2016-03-31,-0.002039759217567,
2016-04-01,0.0063309151273098,
2016-04-04,-0.003208322345054,
2016-04-05,-0.0101444923872143,
2016-04-06,0.0105076192699393,
2016-04-07,-0.011975786526205,
2016-04-08,0.002786577915288,
2016-04-11,-0.0027397858070188,
2016-04-12,0.0096621337827838,
2016-04-13,0.0100401371020408,
2016-04-14,0.0001729273803483,
2016-04-15,-0.0009842848497145,
2016-04-18,0.0065410252890232,
2016-04-19,0.0030844851678346,
2016-04-20,0.0007615448773992,
2016-04-21,-0.0051940270082901,
2016-04-22,4.785972478082989e-05,
2016-04-25,-0.0018120458796383,
2016-04-26,0.0018727515871905,
2016-04-27,0.0016493528003107,
2016-04-28,-0.0092307685136826,
2016-04-29,-0.0050630883698217,
2016-05-02,0.0078099464635428,
2016-05-03,-0.0086766381988606,
2016-05-04,-0.0059368893142145,
2016-05-05,-0.0002390081258001,
2016-05-06,0.0031746390805036,
2016-05-09,0.0007534970439868,
2016-05-10,0.0124836434350672,
2016-05-11,-0.0095615180785463,
2016-05-12,-0.0001694649071644,
2016-05-13,-0.0084782890250804,
2016-05-16,0.009796652464963,
2016-05-17,-0.0094112974553336,
2016-05-18,0.0002051787326786,
2016-05-19,-0.003706707658226,
2016-05-20,0.006019504059596,
2016-05-23,-0.0020854589704891,
2016-05-24,0.0136813826862858,
2016-05-25,0.0069747406433695,
2016-05-26,-0.0002104439035032,
2016-05-27,0.0042868573364247,
2016-05-31,-0.0010052630048559,
2016-06-01,0.0011350423274503,
2016-06-02,0.0028246780734553,
2016-06-03,-0.0029118146569494,
2016-06-06,0.0048972811930538,
2016-06-07,0.0012894462510633,
2016-06-08,0.0033095665337075,
2016-06-09,-0.0017177585589538,
2016-06-10,-0.0091751811827943,
2016-06-13,-0.0081151913871557,
2016-06-14,-0.0017988851350955,
2016-06-15,-0.0018407128700851,
2016-06-16,0.0031329906996742,
2016-06-17,-0.0032579654199809,
2016-06-20,0.0058081852565332,
2016-06-21,0.0027120616074642,
2016-06-22,-0.0016515636618127,
2016-06-23,0.0133640786593027,
2016-06-24,-0.0359197999944317,
2016-06-27,-0.018096502176123,
2016-06-28,0.0177701650872592,
2016-06-29,0.0170326725700282,
2016-06-30,0.0135650447059223,
2016-07-01,0.0019486023558872,
2016-07-05,-0.0068474774379322,
2016-07-06,0.0053529632420816,
2016-07-07,-0.0008715778419239,
2016-07-08,0.0152533492967181,
2016-07-11,0.0034086154741994,
2016-07-12,0.0070092932137983,
2016-07-13,0.0001347677553398,
2016-07-14,0.0052592041176209,
2016-07-15,-0.0009289473209127,
2016-07-18,0.0023822949878407,
2016-07-19,-0.0014351736522938,
2016-07-20,0.0042703001734318,
2016-07-21,-0.0036125289162974,
2016-07-22,0.0045539647130032,
2016-07-25,-0.0030114751244342,
2016-07-26,0.000322784244346,
2016-07-27,-0.0011985421207814,
2016-07-28,0.0016062090221755,
2016-07-29,0.0016313092573088,
2016-08-01,-0.0012697872845152,
2016-08-02,-0.0063616194812253,
2016-08-03,0.0031339432802557,
2016-08-04,0.0002125718896919,
2016-08-05,0.0086034964479611,
2016-08-08,-0.0009071655678379,
2016-08-09,0.0003897939364765,
2016-08-10,-0.0028646859974036,
2016-08-11,0.0047345880120621,
2016-08-12,-0.0007960463737501,
2016-08-15,0.002792909218769,
2016-08-16,-0.005479077019869,
2016-08-17,0.001868589648029,
2016-08-18,0.0021996173129046,
2016-08-19,-0.0014402713809749,
2016-08-22,-0.0005633231572211,
2016-08-23,0.0019517694055308,
2016-08-24,-0.0052402768527348,
2016-08-25,-0.0013652276243513,
2016-08-26,-0.0015788165944199,
2016-08-29,0.0052280472217107,
2016-08-30,-0.0019536804841114,
2016-08-31,-0.002375864261715,
2016-09-01,-4.1384533048027805e-05,
2016-09-02,0.0042010413364248,
2016-09-06,0.0029816787577114,
2016-09-07,-0.0001463852229309,
2016-09-08,-0.0022230136296667,
2016-09-09,-0.024522068966675,
2016-09-12,0.0146770527484909,
2016-09-13,-0.0148306742588959,
2016-09-14,-0.0005876766502063,
2016-09-15,0.0101092733630299,
2016-09-16,-0.0037722947474507,
2016-09-19,-1.8603060785604697e-05,
2016-09-20,0.0002991382171499,
2016-09-21,0.0109171623524424,
2016-09-22,0.0064997844277856,
2016-09-23,-0.0057367744635433,
2016-09-26,-0.0085877627989177,
2016-09-27,0.0064441700550121,
2016-09-28,0.0052965540128355,
2016-09-29,-0.009321411497187,
2016-09-30,0.0079679692312861,
2016-10-03,-0.0032606955294726,
2016-10-04,-0.0049555622707156,
2016-10-05,0.0042966906501935,
2016-10-06,0.0004815597652971,
2016-10-07,-0.0032534833570118,
2016-10-10,0.0046059050395961,
2016-10-11,-0.0124464715965323,
2016-10-12,0.0011465890375803,
2016-10-13,-0.0030992637479612,
2016-10-14,0.000201604478573,
2016-10-17,-0.0030379940403031,
2016-10-18,0.0061604033182458,
2016-10-19,0.002191971018971,
2016-10-20,-0.0013757239543792,
2016-10-21,-8.414160005176807e-05,
2016-10-24,0.0047498395416929,
2016-10-25,-0.0037977277864983,
2016-10-26,-0.0017404116452881,
2016-10-27,-0.0029867267366989,
2016-10-28,-0.0031082993435224,
2016-10-31,-0.0001222764078291,
2016-11-01,-0.0067868834764276,
2016-11-02,-0.0065255002974123,
2016-11-03,-0.0044234008389461,
2016-11-04,-0.0016661307322337,
2016-11-07,0.0222235439673372,
2016-11-08,0.0037719744542996,
2016-11-09,0.0110770207532533,
2016-11-10,0.0019507459501284,
2016-11-11,-0.0013979503036608,
2016-11-14,-0.0001155027862227,
2016-11-15,0.0074807974177633,
2016-11-16,-0.0015822634216101,
2016-11-17,0.0046763696083751,
2016-11-18,-0.0023867984216902,
2016-11-21,0.0074614006258433,
2016-11-22,0.0021654322729041,
2016-11-23,0.0008080244329033,
2016-11-25,0.0039143868916706,
2016-11-28,-0.0052545356315027,
2016-11-29,0.0013352930642269,
2016-11-30,-0.0026534040390964,
2016-12-01,-0.0035155289737457,
2016-12-02,0.0003970065063159,
2016-12-05,0.0058213052532531,
2016-12-06,0.0034108883546988,
2016-12-07,0.0131632413648645,
2016-12-08,0.0021593430473272,
2016-12-09,0.0059389847869557,
2016-12-12,-0.0011374349205595,
2016-12-13,0.006539774750587,
2016-12-14,-0.0081171718539511,
2016-12-15,0.0038832279549072,
2016-12-16,-0.0017506226204834,
2016-12-19,0.0019751207015203,
2016-12-20,0.0036375121488696,
2016-12-21,-0.0024573614565177,
2016-12-22,-0.0018629737285675,
2016-12-23,0.0012517152775348,
2016-12-27,0.0022483727122095,
2016-12-28,-0.0083565291759726,
2016-12-29,-0.0002933047096294,
2016-12-30,-0.0046370502277821,
2017-01-03,0.0084865752812792,
2017-01-04,0.0057222737885258,
2017-01-05,-0.0007706704833204,
2017-01-06,0.0035169592193697,
2017-01-09,-0.0035485942758867,
2017-01-10,0.0,
2017-01-11,0.0028296382793233,
2017-01-12,-0.0021448089967596,
2017-01-13,0.0018498402425362,
2017-01-17,-0.002967502689997,
2017-01-18,0.0017637540575008,
2017-01-19,-0.0036093083554193,
2017-01-20,0.0033662371547078,
2017-01-23,-0.0026901247580694,
2017-01-24,0.0065645936376641,
2017-01-25,0.0080260905496174,
2017-01-26,-0.0007353844075136,
2017-01-27,-0.0008664638929263,
2017-01-30,-0.0060095435176958,
2017-01-31,-0.000889905407144,
2017-02-01,0.0002983634896507,
2017-02-02,0.0005703094032936,
2017-02-03,0.0072647580986477,
2017-02-06,-0.0021153569858851,
2017-02-07,0.0002268291856959,
2017-02-08,0.00069332238554,
2017-02-09,0.0057525464497805,
2017-02-10,0.0035660501028451,
2017-02-13,0.0052458450979924,
2017-02-14,0.0040073351766347,
2017-02-15,0.0049923089198982,
2017-02-16,-0.0008641180363413,
2017-02-17,0.0016785565287558,
2017-02-21,0.0060480661608284,
2017-02-22,-0.001082200145408,
2017-02-23,0.0004189867216857,
2017-02-24,0.0014933641914423,
2017-02-27,0.0010179830611165,
2017-02-28,-0.0025783763780462,
2017-03-01,0.0136738546598662,
2017-03-02,-0.0058598805035984,
2017-03-03,0.00050387727206,
2017-03-06,-0.0032772408480052,
2017-03-07,-0.0029133737680216,
2017-03-08,-0.0022842151650487,
2017-03-09,0.0007998953585612,
2017-03-10,0.0032686701956989,
2017-03-13,0.0003666328125562,
2017-03-14,-0.0033790271755046,
2017-03-15,0.0083747527965813,
2017-03-16,-0.0016267102694209,
2017-03-17,-0.0013143147950017,
2017-03-20,-0.0020098935338483,
2017-03-21,-0.0124079729406268,
2017-03-22,0.0018898864360001,
2017-03-23,-0.0010602696613281,
2017-03-24,-0.0008439958489141,
2017-03-27,-0.0010195874529811,
2017-03-28,0.0072514743535005,
2017-03-29,0.0010853247429301,
2017-03-30,0.0029351099368557,
2017-03-31,-0.0022550474897145,
2017-04-03,-0.0016421255420062,
2017-04-04,0.0005595225490382,
2017-04-05,-0.0030548611983906,
2017-04-06,0.0019295094059432,
2017-04-07,-0.0008271302020167,
2017-04-10,0.0006876864837839,
2017-04-11,-0.001433879303282,
2017-04-12,-0.0037599510345466,
2017-04-13,-0.0068146942273749,
2017-04-17,0.0086133489402193,
2017-04-18,-0.0029033798625895,
2017-04-19,-0.0017163507793208,
2017-04-20,0.0075572634179876,
2017-04-21,-0.0030350729326357,
2017-04-24,0.0108400689629795,
2017-04-25,0.006090687476747,
2017-04-26,-0.0004857034835427,
2017-04-27,0.0005529198041311,
2017-04-28,-0.0019131470681601,
2017-05-01,0.0017322905115801,
2017-05-02,0.0011890499458222,
2017-05-03,-0.0012713605313821,
2017-05-04,0.000582102643895,
2017-05-05,0.0040886954080285,
2017-05-08,3.744597299082386e-05,
2017-05-09,-0.0010252486299153,
2017-05-10,0.0011306013658478,
2017-05-11,-0.0021628091246167,
2017-05-12,-0.0014784413679722,
2017-05-15,0.0047765136484509,
2017-05-16,-0.0006868970151433,
2017-05-17,-0.0181782144144334,
2017-05-18,0.0036868182832792,
2017-05-19,0.0067674999424665,
2017-05-22,0.0051601311497457,
2017-05-23,0.0018378719926541,
2017-05-24,0.002489126548973,
2017-05-25,0.0044419483770987,
2017-05-26,0.0003105499959714,
2017-05-30,-0.001204624586125,
2017-05-31,-0.000459968801852,
2017-06-01,0.0075711126113033,
2017-06-02,0.0037077313104922,
2017-06-05,-0.0012176651838143,
2017-06-06,-0.0027790399654609,
2017-06-07,0.0015682572275503,
2017-06-08,0.0002672047284901,
2017-06-09,-0.0008299892344156,
2017-06-12,-0.0009787631782646,
2017-06-13,0.0045115051773323,
2017-06-14,-0.0009958307964025,
2017-06-15,-0.0022395981461527,
2017-06-16,0.0002836393681004,
2017-06-19,0.0083472286578751,
2017-06-20,-0.0066966373620162,
2017-06-21,-0.0005826443900691,
2017-06-22,-0.0004557820722176,
2017-06-23,0.0015609155178168,
2017-06-26,0.0003158017946232,
2017-06-27,-0.0080728248861335,
2017-06-28,0.0088080663748337,
2017-06-29,-0.0086000232468206,
2017-06-30,0.0015332318107057,
2017-07-03,0.0023108338495552,
2017-07-05,0.0014532790242456,
2017-07-06,-0.0093688238205867,
2017-07-07,0.0064031254863057,
2017-07-10,0.0009277662125786,
2017-07-11,-0.0007826806116978,
2017-07-12,0.0073056076358954,
2017-07-13,0.001874584313926,
2017-07-14,0.0046735030786992,
2017-07-17,-5.291283677333336e-05,
2017-07-18,0.0005978573436131,
2017-07-19,0.0053726393560888,
2017-07-20,-0.0001536592818101,
2017-07-21,-0.000367871647835,
2017-07-24,-0.0010637348279797,
2017-07-25,0.0029231716783382,
2017-07-26,0.0002826639480466,
2017-07-27,-0.0009726882691745,
2017-07-28,-0.0013411155777705,
2017-07-31,-0.0007281456077897,
2017-08-01,0.0024491149692504,
2017-08-02,0.0004926487188865,
2017-08-03,-0.0021836541856442,
2017-08-04,0.0018891035295691,
2017-08-07,0.0016471997899281,
2017-08-08,-0.0024144327873969,
2017-08-09,-0.0003636086710507,
2017-08-10,-0.0144744417228017,
2017-08-11,0.0012755699762128,
2017-08-14,0.0100437545445353,
2017-08-15,-0.0004988078808476,
2017-08-16,0.0014201029158569,
2017-08-17,-0.0154369521609586,
2017-08-18,-0.0018353673110713,
2017-08-21,0.0011626510699036,
2017-08-22,0.0099407797877546,
2017-08-23,-0.003453592714973,
2017-08-24,-0.0020744620703185,
2017-08-25,0.0016728693563305,
2017-08-28,0.0004870720543856,
2017-08-29,0.0008428217368101,
2017-08-30,0.0046151489339618,
2017-08-31,0.0057209762207304,
2017-09-01,0.0019825406825328,
2017-09-05,-0.0075508068899006,
2017-09-06,0.0031287267736885,
2017-09-07,-0.0001784361232346,
2017-09-08,-0.0014888507039184,
2017-09-11,0.0108392993187771,
2017-09-12,0.0033639480109453,
2017-09-13,0.0007571207193879,
2017-09-14,-0.0011007176162897,
2017-09-15,0.0018471814878802,
2017-09-18,0.0014559207541648,
2017-09-19,0.0011101954279371,
2017-09-20,0.000634347815839,
2017-09-21,-0.0030459176984141,
2017-09-22,0.000647793722952,
2017-09-25,-0.0022220502828884,
2017-09-26,7.216672978804795e-05,
2017-09-27,0.0040851439470808,
2017-09-28,0.0012046155961591,
2017-09-29,0.0037051100814438,
2017-10-02,0.0038740034570177,
2017-10-03,0.0021588381272976,
2017-10-04,0.0012467201713795,
2017-10-05,0.0056467873699215,
2017-10-06,-0.0010736344069645,
2017-10-09,-0.0018044339160793,
2017-10-10,0.0023224122617073,
2017-10-11,0.0018035072962026,
2017-10-12,-0.001686752950886,
2017-10-13,0.0008781073155288,
2017-10-16,0.0017507533144689,
2017-10-17,0.0006725789853143,
2017-10-18,0.0007423349056041,
2017-10-19,0.0003279978945605,
2017-10-20,0.0051168427389869,
2017-10-23,-0.0039724840397191,
2017-10-24,0.0016179082781735,
2017-10-25,-0.0046630497542752,
2017-10-26,0.0012709462190783,
2017-10-27,0.0080730224980496,
2017-10-30,-0.0031924705707864,
2017-10-31,0.0009444586571358,
2017-11-01,0.0015921101716727,
2017-11-02,0.0001899658108865,
2017-11-03,0.0030970753849743,
2017-11-06,0.0012712512404724,
2017-11-07,-0.0001891029228697,
2017-11-08,0.0014436550000984,
2017-11-09,-0.003761887644002,
2017-11-10,-0.0008976438525517,
2017-11-13,0.0009836343625724,
2017-11-14,-0.0023096092988857,
2017-11-15,-0.0055256757232663,
2017-11-16,0.0081960580632411,
2017-11-17,-0.0026259630899742,
2017-11-20,0.0012756828808564,
2017-11-21,0.0065411392958598,
2017-11-22,-0.0007502611166068,
2017-11-24,0.0020560951489239,
2017-11-27,-0.0003842577408796,
2017-11-28,0.0098485127187901,
2017-11-29,-0.0003692257021979,
2017-11-30,0.0081909504338029,
2017-12-01,-0.0020245308031139,
2017-12-04,-0.0010521566439205,
2017-12-05,-0.0037393815604747,
2017-12-06,-0.0001141056599842,
2017-12-07,0.0029323579853828,
2017-12-08,0.0055063063196516,
2017-12-11,0.0032019574710069,
2017-12-12,0.0015489220646041,
2017-12-13,-0.0004729570906678,
2017-12-14,-0.0040708592271739,
2017-12-15,0.0089743435132163,
2017-12-18,0.0053628072252507,
2017-12-19,-0.0032302694598687,
2017-12-20,-0.0008278931807477,
2017-12-21,0.0019856558213586,
2017-12-22,-0.0004581666477052,
2017-12-26,-0.0010584151831672,
2017-12-27,0.0007909409391904,
2017-12-28,0.0018339987251561,
2017-12-29,-0.0051831531579653,
2018-01-02,0.00830336147752,
2018-01-03,0.0063988187687815,
2018-01-04,0.0040286360805039,
2018-01-05,0.0070337674433695,
2018-01-08,0.0016623439316436,
2018-01-09,0.0013029315960912,
2018-01-10,-0.0011122268282528,
2018-01-11,0.0070336464787794,
2018-01-12,0.006749602987881,
2018-01-16,-0.0035244876226721,
2018-01-17,0.0094150515607511,
2018-01-18,-0.0016163897301626,
2018-01-19,0.0043852351128388,
2018-01-22,0.0080667264993476,
2018-01-23,0.0021743654797181,
2018-01-24,-0.0005599757022828,
2018-01-25,0.0006026209018938,
2018-01-26,0.011841196508761,
2018-01-29,-0.0067319743328871,
2018-01-30,-0.0108988156202839,
2018-01-31,0.0004889853730833,
2018-02-01,-0.0006480882520516,
2018-02-02,-0.021208547923968,
2018-02-05,-0.0409792248042282,
2018-02-06,0.0174409205923138,
2018-02-07,-0.0050015884169394,
2018-02-08,-0.037536419758088,
2018-02-09,0.0149360902084947,
2018-02-12,0.0139145847540425,
2018-02-13,0.002612929746329,
2018-02-14,0.0134024582572458,
2018-02-15,0.0120691127622993,
2018-02-16,0.0003734693722488,
2018-02-20,-0.0058413894593534,
2018-02-21,-0.0054965031281792,
2018-02-22,0.0009735510790762,
2018-02-23,0.0160283763505131,
2018-02-26,0.0117570153438109,
2018-02-27,-0.0127068884438292,
2018-02-28,-0.011095788639207,
2018-03-01,-0.0133243995419872,
2018-03-02,0.005071602744632,
2018-03-05,0.011032026532745,
2018-03-06,0.0026388586061694,
2018-03-07,-0.0004838747205661,
2018-03-08,0.0044630782078172,
2018-03-09,0.0173788315189269,
2018-03-12,-0.0012739851290425,
2018-03-13,-0.0063635765510888,
2018-03-14,-0.0057245219485623,
2018-03-15,-0.0007819305319631,
2018-03-16,0.0017034471678114,
2018-03-19,-0.014204195388793,
2018-03-20,0.0014818054520648,
2018-03-21,-0.0018439898833508,
2018-03-22,-0.0251628884058564,
2018-03-23,-0.020966880711866,
2018-03-26,0.0271572557615125,
2018-03-27,-0.0172763088138478,
2018-03-28,-0.0029166571662562,
2018-03-29,0.0137697186900191,
2018-04-02,-0.0223374235601651,
2018-04-03,0.0126148658487921,
2018-04-04,0.0115664827398285,
2018-04-05,0.0068628636575538,
2018-04-06,-0.0219202487798424,
2018-04-09,0.0033365488963206,
2018-04-10,0.0167269537832615,
2018-04-11,-0.005525364482924,
2018-04-12,0.0082507500639876,
2018-04-13,-0.0028866254882486,
2018-04-16,0.0081090383866848,
2018-04-17,0.01066150470172,
2018-04-18,0.0008313658006817,
2018-04-19,-0.0057261246901529,
2018-04-20,-0.008536532300613,
2018-04-23,5.623169212687351e-05,
2018-04-24,-0.0133805616416463,
2018-04-25,0.0018370595630237,
2018-04-26,0.0104342047743672,
2018-04-27,0.0011136248915897,
2018-04-30,-0.0081874909644346,
2018-05-01,0.0025490454770622,
2018-05-02,-0.0072058635683577,
2018-05-03,-0.0022536742393085,
2018-05-04,0.0128111789637979,
2018-05-07,0.0034579455015175,
2018-05-08,-0.000265641322828,
2018-05-09,0.0096822202550688,
2018-05-10,0.0093706437235048,
2018-05-11,0.001707595554657,
2018-05-14,0.0008834895573073,
2018-05-15,-0.0068421402799274,
2018-05-16,0.0040605616787676,
2018-05-17,-0.0008558723207806,
2018-05-18,-0.0026321949384167,
2018-05-21,0.0073867529972351,
2018-05-22,-0.0031357617896576,
2018-05-23,0.0032484098921563,
2018-05-24,-0.002023213496498,
2018-05-25,-0.0023572204364039,
2018-05-29,-0.011564187290653,
2018-05-30,0.0126957912233143,
2018-05-31,-0.0068795599748869,
2018-06-01,0.010849230370481,
2018-06-04,0.0044795984359973,
2018-06-05,0.0007025929724704,
2018-06-06,0.0085673924657287,
2018-06-07,-0.000714188467908,
2018-06-08,0.0031259043893263,
2018-06-11,0.0010687076684365,
2018-06-12,0.0017433852107295,
2018-06-13,-0.0040261278685875,
2018-06-14,0.0024715497784322,
2018-06-15,-0.0010171027155291,
2018-06-18,-0.0021261277624751,
2018-06-19,-0.0040234022926993,
2018-06-20,0.0017121542893689,
2018-06-21,-0.0063455105155799,
2018-06-22,0.0018619345065358,
2018-06-25,-0.0137246689734161,
2018-06-26,0.0022045770199778,
2018-06-27,-0.0086043551288214,
2018-06-28,0.0061786898594677,
2018-06-29,0.0007584033300001,
2018-07-02,0.0030679574121528,
2018-07-03,-0.0049473506268106,
2018-07-05,0.0086208036839299,
2018-07-06,0.0084812815952675,
2018-07-09,0.0088229858876633,
2018-07-10,0.0034732671808739,
2018-07-11,-0.0070942028662561,
2018-07-12,0.0087490426746634,
2018-07-13,0.0010792374947172,
2018-07-16,-0.0010281357268144,
2018-07-17,0.0039736986307106,
2018-07-18,0.0021605126279586,
2018-07-19,-0.0039529931204791,
2018-07-20,-0.0009484477101494,
2018-07-23,0.0018380494891383,
2018-07-24,0.0047809111459209,
2018-07-25,0.0091016050575996,
2018-07-26,-0.0030322960242857,
2018-07-27,-0.0065622086921236,
2018-07-30,-0.0057541702945819,
2018-07-31,0.0048847287979825,
2018-08-01,-0.0010403515262938,
2018-08-02,0.0049264448033816,
2018-08-03,0.0046441830098771,
2018-08-06,0.0035382274515358,
2018-08-07,0.0028241822564987,
2018-08-08,-0.0002623799656497,
2018-08-09,-0.0014416744645237,
2018-08-10,-0.0071138879135516,
2018-08-13,-0.0040059921853423,
2018-08-14,0.0063892547772768,
2018-08-15,-0.0076021648357581,
2018-08-16,0.007919408484583,
2018-08-17,0.0033231157222237,
2018-08-20,0.0024280177746833,
2018-08-21,0.0020685364303643,
2018-08-22,-0.0003981517707819,
2018-08-23,-0.0016912621251551,
2018-08-24,0.006198839704363,
2018-08-27,0.0076704094276471,
2018-08-28,0.0002692783264997,
2018-08-29,0.00570143412984,
2018-08-30,-0.0044303290541448,
2018-08-31,0.0001344775085945,
2018-09-04,-0.0016543221469484,
2018-09-05,-0.002803126684318,
2018-09-06,-0.0036523050860121,
2018-09-07,-0.0022133448270275,
2018-09-10,0.00189782681274,
2018-09-11,0.0037398415100768,
2018-09-12,0.0003566719422101,
2018-09-13,0.0052822543297499,
2018-09-14,0.0002754818389207,
2018-09-17,-0.0055697222526174,
2018-09-18,0.005369014643958,
2018-09-19,0.0012532727238796,
2018-09-20,0.0078405918984048,
2018-09-21,-0.0003685330120276,
2018-09-24,-0.0035156877607932,
2018-09-25,-0.0013050961134796,
2018-09-26,-0.003289278113945,
2018-09-27,0.002763287087558,
2018-09-28,-6.870120538793323e-06,
2018-10-01,0.0036411051184257,
2018-10-02,-0.0003966902079042,
2018-10-03,0.0007115197468861,
2018-10-04,-0.0081694823343518,
2018-10-05,-0.0055279787665034,
2018-10-08,-0.0003951166292067,
2018-10-09,-0.0014179036575431,
2018-10-10,-0.0328642290012785,
2018-10-11,-0.020573007617344,
2018-10-12,0.0142061978251524,
2018-10-15,-0.0059049789644829,
2018-10-16,0.0214956001631634,
2018-10-17,-0.0002526623381587,
2018-10-18,-0.0143919223563954,
2018-10-19,-0.0003611698977235,
2018-10-22,-0.0042995275485813,
2018-10-23,-0.0055118299970128,
2018-10-24,-0.0308644339777438,
2018-10-25,0.0186250400528118,
2018-10-26,-0.0173272640399783,
2018-10-29,-0.0065595995737004,
2018-10-30,0.0156667800520586,
2018-10-31,0.0108513319740386,
2018-11-01,0.0105578436930637,
2018-11-02,-0.0063166863793988,
2018-11-05,0.0056003171696019,
2018-11-06,0.0062592957741707,
2018-11-07,0.0212088560641052,
2018-11-08,-0.0025089163835961,
2018-11-09,-0.0091990137061033,
2018-11-12,-0.0197014893402406,
2018-11-13,-0.0014819196931705,
2018-11-14,-0.0075674106903027,
2018-11-15,0.0105937533662663,
2018-11-16,0.0022233054237545,
2018-11-19,-0.0166431085884942,
2018-11-20,-0.0181512408324661,
2018-11-21,0.0030432907461763,
2018-11-23,-0.0065548423901612,
2018-11-26,0.0155323683669224,
2018-11-27,0.0032616921440038,
2018-11-28,0.0229739796442216,
2018-11-29,-0.0021831080910337,
2018-11-30,0.0081707475520171,
2018-12-03,0.0109414261321942,
2018-12-04,-0.0323649031493987,
2018-12-06,-0.0015222281477752,
2018-12-07,-0.0233201187653898,
2018-12-10,0.001762153994735,
2018-12-11,-0.0003563461689223,
2018-12-12,0.0054195036763498,
2018-12-13,-0.0001999303236835,
2018-12-14,-0.0190867095554303,
2018-12-17,-0.0207734805592242,
2018-12-18,8.640058610476231e-05,
2018-12-19,-0.0153957145367981,
2018-12-20,-0.0157721063274236,
2018-12-21,-0.0205882283097142,
2018-12-24,-0.0271122544520995,
2018-12-26,0.0495937427895394,
2018-12-27,0.008562680784222,
2018-12-28,-0.0012415825080966,
2018-12-31,0.0084924841314093,
2019-01-02,0.0012684969251244,
2019-01-03,-0.0247567303950372,
2019-01-04,0.0343357146426235,
2019-01-07,0.0070104348486803,
2019-01-08,0.0096952850233589,
2019-01-09,0.0040980454505321,
2019-01-10,0.0045184187829312,
2019-01-11,-0.0001462978419093,
2019-01-14,-0.005257525167898,
2019-01-15,0.0107216886229457,
2019-01-16,0.0022219854881162,
2019-01-17,0.007591400382211,
2019-01-18,0.01318305304897,
2019-01-22,-0.0141573061645666,
2019-01-23,0.0022029127742235,
2019-01-24,0.0013757255543636,
2019-01-25,0.0084886940607138,
2019-01-28,-0.0078468274939378,
2019-01-29,-0.0014562465775435,
2019-01-30,0.0155492609197442,
2019-01-31,0.0085973959487253,
2019-02-01,0.0008986100931438,
2019-02-04,0.006776236617404,
2019-02-05,0.0047084203769747,
2019-02-06,-0.0022244379802809,
2019-02-07,-0.0093571401439401,
2019-02-08,0.000676201086956,
2019-02-11,0.0007091030986317,
2019-02-12,0.0128902247439735,
2019-02-13,0.0030239946687606,
2019-02-14,-0.0026516415551012,
2019-02-15,0.0108787526085869,
2019-02-19,0.0014987433214488,
2019-02-20,0.0017771107537685,
2019-02-21,-0.0035264367908802,
2019-02-22,0.0064111023949868,
2019-02-25,0.0012318625699112,
2019-02-26,-0.0007904570968998,
2019-02-27,-0.0005440493877303,
2019-02-28,-0.0028255083152146,
2019-03-01,0.0068953205934343,
2019-03-04,-0.003880558492514,
2019-03-05,-0.0011315328231061,
2019-03-06,-0.0065240986535923,
2019-03-07,-0.0081257175586835,
2019-03-08,-0.0021316888487414,
2019-03-11,0.0146660418677571,
2019-03-12,0.0029533182046204,
2019-03-13,0.0069495838138418,
2019-03-14,-0.0008680223820187,
2019-03-15,0.0049849029002739,
2019-03-18,0.0037059469012648,
2019-03-19,-0.0001305615560248,
2019-03-20,-0.0029443536044478,
2019-03-21,0.0108524810499543,
2019-03-22,-0.0189745012394827,
2019-03-25,-0.0008390206584756,
2019-03-26,0.0071827258623062,
2019-03-27,-0.0046443248906916,
2019-03-28,0.003589481529391,
2019-03-29,0.0067342800173637,
2019-04-01,0.0115686001242754,
2019-04-02,1.745570720723677e-05,
2019-04-03,0.0021483768817243,
2019-04-04,0.0020846350796801,
2019-04-05,0.004636432770241,
2019-04-08,0.0010474599539205,
2019-04-09,-0.0060674943938465,
2019-04-10,0.0034778715639784,
2019-04-11,3.8123067008344336e-05,
2019-04-12,0.0066093242086024,
2019-04-15,-0.0006293691084816,
2019-04-16,0.0005093580038946,
2019-04-17,-0.0022738117853239,
2019-04-18,0.0015790922795098,
2019-04-22,0.0010120175614714,
2019-04-23,0.008841205788409,
2019-04-24,-0.0021917631747336,
2019-04-25,-0.0003689736527457,
2019-04-26,0.0046852921407636,
2019-04-29,0.0010715221743553,
2019-04-30,0.0009514170090862,
2019-05-01,-0.0075021630814213,
2019-05-02,-0.0021239857917741,
2019-05-03,0.0096382793806477,
2019-05-06,-0.0044709884287563,
2019-05-07,-0.0165116513924233,
2019-05-08,-0.0016054253132695,
2019-05-09,-0.0030214249424966,
2019-05-10,0.0037202972597878,
2019-05-13,-0.0241305571988442,
2019-05-14,0.0080159445431355,
2019-05-15,0.0058389750746421,
2019-05-16,0.0088952871206005,
2019-05-17,-0.0058373333507619,
2019-05-20,-0.0067493779153879,
2019-05-21,0.0084958355904483,
2019-05-22,-0.0028243962306494,
2019-05-23,-0.0119141499452701,
2019-05-24,0.0013535590072402,
2019-05-28,-0.0083756769229467,
2019-05-29,-0.0069119122568113,
2019-05-30,0.0020984713906617,
2019-05-31,-0.0131953728084784,
2019-06-03,-0.0027652403144732,
2019-06-04,0.0214323705681931,
2019-06-05,0.0081618547814119,
2019-06-06,0.0061355867486876,
2019-06-07,0.0104976974628947,
2019-06-10,0.0046600444669098,
2019-06-11,-0.0003498802355809,
2019-06-12,-0.0020375791387226,
2019-06-13,0.0040973819126681,
2019-06-14,-0.0016115119041397,
2019-06-17,0.0009317492412306,
2019-06-18,0.009717399870633,
2019-06-19,0.0029851635463971,
2019-06-20,0.0094721851906851,
2019-06-21,-0.0012592227925193,
2019-06-24,-0.0017318870104667,
2019-06-25,-0.0094963973437341,
2019-06-26,-0.0012339337557076,
2019-06-27,0.0038231755541318,
2019-06-28,0.0057574526279098,
2019-07-01,0.0076723010321881,
2019-07-02,0.0029281258874231,
2019-07-03,0.0076723786730701,
2019-07-05,-0.0018059015984103,
2019-07-08,-0.0048354444248415,
2019-07-09,0.00123655696534,
2019-07-10,0.0045106896075925,
2019-07-11,0.0022852267383599,
2019-07-12,0.0046201745478848,
2019-07-15,0.0001758691915574,
2019-07-16,-0.0034037785221858,
2019-07-17,-0.0065312435694508,
2019-07-18,0.0035819977840647,
2019-07-19,-0.0061767345227666,
2019-07-22,0.0028286949150666,
2019-07-23,0.0068474826737554,
2019-07-24,0.0046881479528901,
2019-07-25,-0.0052624012804535,
2019-07-26,0.0073876910992347,
2019-07-29,-0.0016161146071345,
2019-07-30,-0.0025786549148275,
2019-07-31,-0.0108855261126957,
2019-08-01,-0.008998793869673,
2019-08-02,-0.0072827399270378,
2019-08-05,-0.0297778200029859,
2019-08-06,0.0130170171699326,
2019-08-07,0.0007668762331907,
2019-08-08,0.0187623034099841,
2019-08-09,-0.0066166063549235,
2019-08-12,-0.0123173221779722,
2019-08-13,0.0151316883221812,
2019-08-14,-0.0292927529117426,
2019-08-15,0.002464268027652,
2019-08-16,0.0144261246578079,
2019-08-19,0.0121058654924306,
2019-08-20,-0.0079147276011313,
2019-08-21,0.0082467985955796,
2019-08-22,-0.0005060748601761,
2019-08-23,-0.0259463367546181,
2019-08-26,0.0109829877352163,
2019-08-27,-0.0032031806358082,
2019-08-28,0.0065454801656796,
2019-08-29,0.0126872917935088,
2019-08-30,0.0006427872591217,
2019-09-03,-0.0068991005090608,
2019-09-04,0.010842079212828,
2019-09-05,0.0130098136422667,
2019-09-06,0.0009106051537297,
2019-09-09,-9.401025965849465e-05,
2019-09-10,0.0003223043548219,
2019-09-11,0.0072296811894803,
2019-09-12,0.002879153101061,
2019-09-13,-0.0007244143620946,
2019-09-16,-0.0031355866640028,
2019-09-17,0.0025817523700197,
2019-09-18,0.0003426919897555,
2019-09-19,1.997472142156731e-05,
2019-09-20,-0.004895576515783,
2019-09-23,-9.693591923765066e-05,
2019-09-24,-0.0084163713221064,
2019-09-25,0.0061585717420034,
2019-09-26,-0.0024289164068657,
2019-09-27,-0.0053163524902405,
2019-09-30,0.0050476066752547,
2019-10-01,-0.0122583733729132,
2019-10-02,-0.0179032029855029,
2019-10-03,0.0079719125970152,
2019-10-04,0.0142168975854601,
2019-10-07,-0.0044782946735923,
2019-10-08,-0.0155608192014078,
2019-10-09,0.0091044925499415,
2019-10-10,0.006415695380997,
2019-10-11,0.0109389775131329,
2019-10-14,-0.001387118733451,
2019-10-15,0.0099556766411372,
2019-10-16,-0.0019995427986508,
2019-10-17,0.002762831573678,
2019-10-18,-0.0039193449495069,
2019-10-21,0.0068716160561175,
2019-10-22,-0.0035686663784125,
2019-10-23,0.0028471487971184,
2019-10-24,0.0019204463587332,
2019-10-25,0.0040727005061091,
2019-10-28,0.0055813378684714,
2019-10-29,-0.0008324053147991,
2019-10-30,0.0032533701591457,
2019-10-31,-0.0030228605633046,
2019-11-01,0.009662312168146,
2019-11-04,0.0037040890497046,
2019-11-05,-0.0011856992143612,
2019-11-06,0.0007024972279667,
2019-11-07,0.0027300951851503,
2019-11-08,0.0025606760900243,
2019-11-11,-0.0019624672514313,
2019-11-12,0.0015646460846321,
2019-11-13,0.0007115345908383,
2019-11-14,0.0008370427393644,
2019-11-15,0.0076954880069026,
2019-11-18,0.0005031528617669,
2019-11-19,-0.000592594446206,
2019-11-20,-0.0037561842457471,
2019-11-21,-0.0015827522106851,
2019-11-22,0.0021749356911917,
2019-11-25,0.0075072913530158,
2019-11-26,0.0021955703874654,
2019-11-27,0.0041744243627546,
2019-11-29,-0.0040112197099262,
2019-12-02,-0.0086310207164084,
2019-12-03,-0.0066380951156352,
2019-12-04,0.0063235674713946,
2019-12-05,0.0015002511791302,
2019-12-06,0.0091357243284573,
2019-12-09,-0.0031628213934464,
2019-12-10,-0.0010969340964486,
2019-12-11,0.0029081580403158,
2019-12-12,0.0085752257750861,
2019-12-13,7.258178414493166e-05,
2019-12-16,0.0071477852798336,
2019-12-17,0.0003352922263379,
2019-12-18,-0.0004323001718647,
2019-12-19,0.0044592920048636,
2019-12-20,0.0049447810817966,
2019-12-23,0.0008661436002121,
2019-12-24,-0.0001954481999796,
2019-12-26,0.0051281666753011,
2019-12-27,3.398471712534601e-05,
2019-12-30,-0.0057808224504303,
2019-12-31,0.0029460216619106,
2020-01-02,0.0083788026773417,
2020-01-03,-0.0070598705620453,
2020-01-06,0.0035333728907271,
2020-01-07,-0.0028032386528962,
2020-01-08,0.0049024513689781,
2020-01-09,0.0066552626054889,
2020-01-10,-0.0028551786896625,
2020-01-13,0.0069762152525698,
2020-01-14,-0.0015145327728022,
2020-01-15,0.0018701968845122,
2020-01-16,0.0083665530264682,
2020-01-17,0.0038621622485013,
2020-01-21,-0.0026519776473655,
2020-01-22,0.000289076071118,
2020-01-23,0.0011409766124783,
2020-01-24,-0.0090421609742074,
2020-01-27,-0.0157307116591823,
2020-01-28,0.010053584595046,
2020-01-29,-0.0008668741908683,
2020-01-30,0.0031343587926053,
2020-01-31,-0.0177058203755262,
2020-02-03,0.0072546138923517,
2020-02-04,0.0149804141640821,
2020-02-05,0.0112505958978537,
2020-02-06,0.0033256728767856,
2020-02-07,-0.0054008536727301,
2020-02-10,0.0073263978048905,
2020-02-11,0.0016884725532351,
2020-02-12,0.0064626464661976,
2020-02-13,-0.0016304457368023,
2020-02-14,0.0018435333204338,
2020-02-18,-0.0029199426368901,
2020-02-19,0.0047057858811645,
2020-02-20,-0.0038155197636281,
2020-02-21,-0.0105181030271228,
2020-02-24,-0.0335136266712231,
2020-02-25,-0.0302799955650561,
2020-02-26,-0.003778540605322,
2020-02-27,-0.0441632425840791,
2020-02-28,-0.0082383404443618,
2020-03-02,0.04603922900611,
2020-03-03,-0.0281078961210758,
2020-03-04,0.0422025907744911,
2020-03-05,-0.0339220770468885,
2020-03-06,-0.0170538520003701,
2020-03-09,-0.0759696974774509,
2020-03-10,0.0493963062815614,
2020-03-11,-0.0488684451312739,
2020-03-12,-0.0951126809783365,
2020-03-13,0.0928712497297183,
2020-03-16,-0.1198405524039344,
2020-03-17,0.0599548497440243,
2020-03-18,-0.0518307627291578,
2020-03-19,0.0047078080405855,
2020-03-20,-0.0433595123084619,
2020-03-23,-0.0292938678218044,
2020-03-24,0.0938277397622755,
2020-03-25,0.0115350114482219,
2020-03-26,0.0624141633038768,
2020-03-27,-0.0336873525622525,
2020-03-30,0.0335160094837001,
2020-03-31,-0.0160127219145556,
2020-04-01,-0.0441424303316654,
2020-04-02,0.0228293472348715,
2020-04-03,-0.0151371251249494,
2020-04-06,0.0703313186527505,
2020-04-07,-0.0016030527844311,
2020-04-08,0.0340564528796303,
2020-04-09,0.0144874101533765,
2020-04-13,-0.0101046608226074,
2020-04-14,0.030572589146256,
2020-04-15,-0.0220304385294157,
2020-04-16,0.0058166894621645,
2020-04-17,0.0267935948482234,
2020-04-20,-0.0178810480340146,
2020-04-21,-0.0306747956940633,
2020-04-22,0.0229302477038437,
2020-04-23,-0.0005394221197431,
2020-04-24,0.0139180573045454,
2020-04-27,0.0147140698047996,
2020-04-28,-0.0052423806984989,
2020-04-29,0.026583916282167,
2020-04-30,-0.0092124463039876,
2020-05-01,-0.0280590340784921,
2020-05-04,0.0042498275919764,
2020-05-05,0.0090405563857973,
2020-05-06,-0.0069794103903862,
2020-05-07,0.0115046307883139,
2020-05-08,0.0168715386387019,
2020-05-11,0.0001330782209116,
2020-05-12,-0.0205003175288771,
2020-05-13,-0.017462724604228,
2020-05-14,0.0115248226950355,
2020-05-15,0.0039263632504382,
2020-05-18,0.0315011916316807,
2020-05-19,-0.0104843991944931,
2020-05-20,0.0166511002590801,
2020-05-21,-0.0077735964077371,
2020-05-22,0.0023537113264884,
2020-05-26,0.0122891840360801,
2020-05-27,0.0148272972159138,
2020-05-28,-0.0021079145460738,
2020-05-29,0.0048123358249714,
2020-06-01,0.0037512348135377,
2020-06-02,0.0082108327800534,
2020-06-03,0.013648979133831,
2020-06-04,-0.0033687022311144,
2020-06-05,0.0262116508183987,
2020-06-08,0.0120415794211692,
2020-06-09,-0.0077991708226116,
2020-06-10,-0.0053130910724373,
2020-06-11,-0.0589440592744382,
2020-06-12,0.0130608439632347,
2020-06-15,0.0083122170412852,
2020-06-16,0.0189623981938025,
2020-06-17,-0.003600299556174,
2020-06-18,0.0005942198825281,
2020-06-19,-0.0056494948094629,
2020-06-22,0.0064950955376916,
2020-06-23,0.0043074195691641,
2020-06-24,-0.0258551459390645,
2020-06-25,0.0109594472678098,
2020-06-26,-0.0242269050447859,
2020-06-29,0.0146856784331186,
2020-06-30,0.0154098757315546,
2020-07-01,0.0050221328208643,
2020-07-02,0.004541250844364,
2020-07-06,0.0158817258674588,
2020-07-07,-0.0108185320281971,
2020-07-08,0.0078274619154155,
2020-07-09,-0.0056436061593611,
2020-07-10,0.0104662012732443,
2020-07-13,-0.0093625411277882,
2020-07-14,0.0134063707826679,
2020-07-15,0.009082050740923,
2020-07-16,-0.0034061012455366,
2020-07-17,0.0028486121946174,
2020-07-20,0.0084069387471426,
2020-07-21,0.0016790373419135,
2020-07-22,0.0057470820687397,
2020-07-23,-0.012319859824193,
2020-07-24,-0.0061904000546884,
2020-07-27,0.0073951387950395,
2020-07-28,-0.0064733921522979,
2020-07-29,0.01242838167815,
2020-07-30,-0.0037502519373892,
2020-07-31,0.0076705049901413,
2020-08-03,0.0071810234393261,
2020-08-04,0.0036119303819721,
2020-08-05,0.0064297430531994,
2020-08-06,0.0064276955596642,
2020-08-07,0.0006330295486443,
2020-08-10,0.002742218294476,
2020-08-11,-0.0079691321542361,
2020-08-12,0.0139965494902376,
2020-08-13,-0.0020471743504979,
2020-08-14,-0.0001718826227681,
2020-08-17,0.0027098425110787,
2020-08-18,0.0023033891540169,
2020-08-19,-0.0044043954214108,
2020-08-20,0.0031586327691348,
2020-08-21,0.0034411070444764,
2020-08-24,0.0100437183030086,
2020-08-25,0.0035963511532906,
2020-08-26,0.0101956261394839,
2020-08-27,0.0016730440109038,
2020-08-28,0.0067325653552858,
2020-08-31,-0.0021949627140287,
2020-09-01,0.0075250030166134,
2020-09-02,0.0153659101548075,
2020-09-03,-0.0351258437153412,
2020-09-04,-0.0081330272642748,
2020-09-08,-0.0277563421023609,
2020-09-09,0.0201449863367746,
2020-09-10,-0.0175847965901794,
2020-09-11,0.000533072190594,
2020-09-14,0.0127418290893575,
2020-09-15,0.005219359577689,
2020-09-16,-0.0046189465962115,
2020-09-17,-0.0084123658764024,
2020-09-18,-0.0111825818074104,
2020-09-21,-0.0115710979308057,
2020-09-22,0.0105179451608137,
2020-09-23,-0.0237214550930281,
2020-09-24,0.002987459142957,
2020-09-25,0.0159767237756141,
2020-09-28,0.0161105901990838,
2020-09-29,-0.0048126645432444,
2020-09-30,0.0082537182282207,
2020-10-01,0.0052929077692909,
2020-10-02,-0.0095776521786163,
2020-10-05,0.017972708676142,
2020-10-06,-0.0139735156922267,
2020-10-07,0.0173967548692179,
2020-10-08,0.0080101236424949,
2020-10-09,0.0087935331206152,
2020-10-12,0.0164158129636475,
2020-10-13,-0.0063069189940844,
2020-10-14,-0.0066231417535027,
2020-10-15,-0.0015277553060997,
2020-10-16,0.0001349195574553,
2020-10-19,-0.016329861778318,
2020-10-20,0.0047273340731102,
2020-10-21,-0.0021956999281005,
2020-10-22,0.0052189253963921,
2020-10-23,0.0034457613537031,
2020-10-26,-0.0185895162945356,
2020-10-27,-0.0030256189119989,
2020-10-28,-0.0352878787606047,
2020-10-29,0.0119473308942383,
2020-10-30,-0.0121295501301756,
2020-11-02,0.0123182026012718,
2020-11-03,0.0177992900964345,
2020-11-04,0.0220470477016834,
2020-11-05,0.0194601941389629,
2020-11-06,-0.0002877151874185,
2020-11-09,0.0116998892356872,
2020-11-10,-0.001399794593191,
2020-11-11,0.0076518553187603,
2020-11-12,-0.009978532303877,
2020-11-13,0.0136103354090635,
2020-11-16,0.0116480512400123,
2020-11-17,-0.0047919256980916,
2020-11-18,-0.011563829610944,
2020-11-19,0.0039464424674215,
2020-11-20,-0.0067925629151801,
2020-11-23,0.0056359306172162,
2020-11-24,0.0161616682734162,
2020-11-25,-0.0015844182375249,
2020-11-27,0.0023969791981541,
2020-11-30,-0.0045955486401709,
2020-12-01,0.0112711871947761,
2020-12-02,0.0017911667548251,
2020-12-03,-0.0006241572130915,
2020-12-04,0.0088362751296118,
2020-12-07,-0.0019356376714373,
2020-12-08,0.0027871480653562,
2020-12-09,-0.0079492016045985,
2020-12-10,-0.0012851080682624,
2020-12-11,-0.0012649972997506,
2020-12-14,-0.0043592589719577,
2020-12-15,0.0129212491547088,
2020-12-16,0.001772795166959,
2020-12-17,0.0057576547533797,
2020-12-18,-0.0035111185091528,
2020-12-21,-0.0039062790518439,
2020-12-22,-0.002073092860288,
2020-12-23,0.0007458112508249,
2020-12-24,0.0035365890047962,
2020-12-28,0.0087225290211445,
2020-12-29,-0.0022273805256001,
2020-12-30,0.0013415471654707,
2020-12-31,0.0064388455229198,
2021-01-04,-0.014754827521051,
2021-01-05,0.0070825951575492,
2021-01-06,0.0057098427477522,
2021-01-07,0.0148474038001011,
2021-01-08,0.0054918626852689,
2021-01-11,-0.0065547508985924,
2021-01-12,0.0004157884466327,
2021-01-13,0.0022756417379066,
2021-01-14,-0.0037534511943366,
2021-01-15,-0.0071900279753709,
2021-01-19,0.0081363795155244,
2021-01-20,0.0139356254219462,
2021-01-21,0.0003167233075522,
2021-01-22,-0.0030106116552376,
2021-01-25,0.0036158389430824,
2021-01-26,-0.0014888337468982,
2021-01-27,-0.025677883699462,
2021-01-28,0.0097606259756297,
2021-01-29,-0.0193114751731245,
2021-02-01,0.0160517676144393,
2021-02-02,0.0138982234844169,
2021-02-03,0.0010087690809532,
2021-02-04,0.0108533222304207,
2021-02-05,0.0038974951646253,
2021-02-08,0.0073993483603735,
2021-02-09,-0.0011135249921484,
2021-02-10,-0.0003451849323593,
2021-02-11,0.0016624551635393,
2021-02-12,0.0047110331133788,
2021-02-16,-0.0005692724183511,
2021-02-17,-0.0003204020092266,
2021-02-18,-0.0044158356273545,
2021-02-19,-0.0018548966445751,
2021-02-22,-0.0077328394581538,
2021-02-23,0.0012563181187927,
2021-02-24,0.011351613765979,
2021-02-25,-0.0244788075251262,
2021-02-26,-0.0047502141699028,
2021-03-01,0.0237907635068002,
2021-03-02,-0.0080808516908706,
2021-03-03,-0.0130662218719981,
2021-03-04,-0.0134172139301002,
2021-03-05,0.0194959681977822,
2021-03-08,-0.0053592310301612,
2021-03-09,0.0141546423038221,
2021-03-10,0.0060303133427013,
2021-03-11,0.0103954870044358,
2021-03-12,0.0010153984958789,
2021-03-15,0.0064919213014971,
2021-03-16,-0.0015696837343783,
2021-03-17,0.0028793821305308,
2021-03-18,-0.0147605393194591,
2021-03-19,-0.0006027039747036,
2021-03-22,0.0070251180773117,
2021-03-23,-0.0076308541839406,
2021-03-24,-0.0054673360183149,
2021-03-25,0.0052402658469594,
2021-03-26,0.0166312026045196,
2021-03-29,-0.0008680126852336,
2021-03-30,-0.0031578329337678,
2021-03-31,0.0036224990395776,
2021-04-01,0.0118252017749447,
2021-04-05,0.0144382264177436,
2021-04-06,-0.0009735307519511,
2021-04-07,0.0014752327849856,
2021-04-08,0.0042206328286402,
2021-04-09,0.0077199343487381,
2021-04-12,-0.0001960788487688,
2021-04-13,0.0032944868090414,
2021-04-14,-0.0040877267278285,
2021-04-15,0.0110941905251664,
2021-04-16,0.0036088195555097,
2021-04-19,-0.005306560094486,
2021-04-20,-0.0068023197717759,
2021-04-21,0.0093060554721535,
2021-04-22,-0.0092106574765618,
2021-04-23,0.0109286965401769,
2021-04-26,0.0017822709248045,
2021-04-27,-0.0002148958880143,
2021-04-28,-0.0008455399168898,
2021-04-29,0.0067628067340457,
2021-04-30,-0.0071947066993264,
2021-05-03,0.0027480907472536,
2021-05-04,-0.0066783376082272,
2021-05-05,0.0007034637617677,
2021-05-06,0.0081654564660518,
2021-05-07,0.0073733416169683,
2021-05-10,-0.0104356473221881,
2021-05-11,-0.0086739128027181,
2021-05-12,-0.0214494006645027,
2021-05-13,0.0121731414069234,
2021-05-14,0.0149179568768997,
2021-05-17,-0.0025300521932207,
2021-05-18,-0.0085172929593646,
2021-05-19,-0.0029434114568177,
2021-05-20,0.0105547417561433,
2021-05-21,-0.0007838806801412,
2021-05-24,0.0099112921901385,
2021-05-25,-0.0021252837802967,
2021-05-26,0.0018768165702687,
2021-05-27,0.0011653145418315,
2021-05-28,0.0007688818911402,
2021-06-01,-0.0004923335226864,
2021-06-02,0.0014469348384307,
2021-06-03,-0.0036287033416374,
2021-06-04,0.0088340957105059,
2021-06-07,-0.0007967387044511,
2021-06-08,0.0001750248645058,
2021-06-09,-0.0018238673194856,
2021-06-10,0.0046522430122621,
2021-06-11,0.001948434669559,
2021-06-14,0.0018152018730952,
2021-06-15,-0.0020116937805257,
2021-06-16,-0.0053901246128557,
2021-06-17,-0.0004357155920517,
2021-06-18,-0.0131244687799005,
2021-06-21,0.0140022899627207,
2021-06-22,0.0051244919022186,
2021-06-23,-0.0010832833431588,
2021-06-24,0.0058112497248854,
2021-06-25,0.0033305973193167,
2021-06-28,0.0023149642620619,
2021-06-29,0.0002773361932608,
2021-06-30,0.0013281596467464,
2021-07-01,0.0052216268542757,
2021-07-02,0.0075000816639139,
2021-07-06,-0.0020218560598241,
2021-07-07,0.0033589753101825,
2021-07-08,-0.0085610249343169,
2021-07-09,0.0112779478087958,
2021-07-12,0.003451174331237,
2021-07-13,-0.0035168126585656,
2021-07-14,0.0011649345752446,
2021-07-15,-0.0032622408541723,
2021-07-16,-0.0075388542110778,
2021-07-19,-0.0158695124274093,
2021-07-20,0.0151626094378556,
2021-07-21,0.0082418199908353,
2021-07-22,0.0020166699583279,
2021-07-23,0.0101454520208228,
2021-07-26,0.0023821998626283,
2021-07-27,-0.0047124448070912,
2021-07-28,-0.0001862618826539,
2021-07-29,0.0042061529800074,
2021-07-30,-0.0054060480514769,
2021-08-02,-0.0018428056148913,
2021-08-03,0.0082034265474622,
2021-08-04,-0.0046323879014122,
2021-08-05,0.0060054468134942,
2021-08-06,0.0016752662417647,
2021-08-09,-0.0009399082741974,
2021-08-10,0.0009926793341701,
2021-08-11,0.0012757437876824,
2021-08-12,0.0041463802816776,
2021-08-13,0.0016073066558082,
2021-08-16,0.0026208507022158,
2021-08-17,-0.0070606988149475,
2021-08-18,-0.0107484707455859,
2021-08-19,0.0012566922329095,
2021-08-20,0.0081415676557379,
2021-08-23,0.0085237903642483,
2021-08-24,0.0014957363013194,
2021-08-25,0.0022201182241796,
2021-08-26,-0.0058249188196125,
2021-08-27,0.0088076324804251,
2021-08-30,0.0043065708447795,
2021-08-31,-0.001349116039505,
2021-09-01,0.0003116886257619,
2021-09-02,0.0028426384105229,
2021-09-03,-0.0003350311257153,
2021-09-07,-0.0033955744059817,
2021-09-08,-0.0013185667397751,
2021-09-09,-0.0046056086573933,
2021-09-10,-0.0077225787599254,
2021-09-13,0.0022764876184568,
2021-09-14,-0.0057466385065755,
2021-09-15,0.0084739969795697,
2021-09-16,-0.001551140448935,
2021-09-17,-0.009110872450405,
2021-09-20,-0.0169773110084148,
2021-09-21,-0.0008123585165593,
2021-09-22,0.0095196111952602,
2021-09-23,0.0121347157844948,
2021-09-24,0.0014610090466882,
2021-09-27,-0.0027763826213396,
2021-09-28,-0.0203641105560982,
2021-09-29,0.0015691842194003,
2021-09-30,-0.0119097141251951,
2021-10-01,0.0114914776301819,
2021-10-04,-0.0129858981367484,
2021-10-05,0.0105245146606092,
2021-10-06,0.0041027928541854,
2021-10-07,0.0082982806564053,
2021-10-08,-0.0019137230947889,
2021-10-11,-0.0068657638480568,
2021-10-12,-0.0024167805585421,
2021-10-13,0.0030225144837938,
2021-10-14,0.0170631019455833,
2021-10-15,0.0074602103777126,
2021-10-18,0.0033747695570975,
2021-10-19,0.0073933395514063,
2021-10-20,0.0036640298040166,
2021-10-21,0.0029958718496225,
2021-10-22,-0.001072553627413,
2021-10-25,0.0047481965694935,
2021-10-26,0.0018197952535197,
2021-10-27,-0.0050515680684628,
2021-10-28,0.0098292815764611,
2021-10-29,0.0019493347191492,
2021-11-01,0.0018000771431341,
2021-11-02,0.0036803630854131,
2021-11-03,0.0064612791953579,
2021-11-04,0.0041819423611504,
2021-11-05,0.0037327996529492,
2021-11-08,0.0008877879113036,
2021-11-09,-0.0034987758957707,
2021-11-10,-0.0082258233952297,
2021-11-11,0.0005509400447352,
2021-11-12,0.0072226560264154,
2021-11-15,-1.0739820344718431e-05,
2021-11-16,0.0038652298648624,
2021-11-17,-0.0026016253744634,
2021-11-18,0.0033847802152713,
2021-11-19,-0.0013986655593032,
2021-11-22,-0.0031971365563219,
2021-11-23,0.0016571329129451,
2021-11-24,0.0022938506357221,
2021-11-26,-0.0227248226375824,
2021-11-29,0.0132001995370349,
2021-11-30,-0.0189613103345052,
2021-12-01,-0.0118151874178892,
2021-12-02,0.0141944361315831,
2021-12-03,-0.0084485637302975,
2021-12-06,0.0117308725774514,
2021-12-07,0.0207070803744042,
2021-12-08,0.0030852853123166,
2021-12-09,-0.0071810801698947,
2021-12-10,0.0095490733384817,
2021-12-13,-0.0091361676115676,
2021-12-14,-0.007470677577436,
2021-12-15,0.0163484646307467,
2021-12-16,-0.0087434153799804,
2021-12-17,-0.0102876806370926,
2021-12-20,-0.0113880578514099,
2021-12-21,0.0177779345515725,
2021-12-22,0.0101801972205788,
2021-12-23,0.0062236999216618,
2021-12-27,0.0138389352474752,
2021-12-28,-0.001010154848626,
2021-12-29,0.001401895139427,
2021-12-30,-0.0029897555945093,
2021-12-31,-0.0026261799136575,
2022-01-03,0.0063740525309705,
2022-01-04,-0.0006296219570605,
2022-01-05,-0.0193927577906871,
2022-01-06,-0.0009637690162076,
2022-01-07,-0.0040502167400917,
2022-01-10,-0.0014410312534549,
2022-01-11,0.0091599846687118,
2022-01-12,0.0028177544430294,
2022-01-13,-0.0142436152864307,
2022-01-14,0.0008199802697488,
2022-01-18,-0.0183879456940073,
2022-01-19,-0.0096895418683388,
2022-01-20,-0.0110373784941483,
2022-01-21,-0.0189148218679086,
2022-01-24,0.0027717389433818,
2022-01-25,-0.0121719062536467,
2022-01-26,-0.0014966358477518,
2022-01-27,-0.0053840887577105,
2022-01-28,0.0243476468880761,
2022-01-31,0.0188859517327795,
2022-02-01,0.0068630035578014,
2022-02-02,0.0094225154473364,
2022-02-03,-0.024391082077444,
2022-02-04,0.0051569298644233,
2022-02-07,-0.0037017126347429,
2022-02-08,0.0084012071916632,
2022-02-09,0.0145172078875055,
2022-02-10,-0.0181157256684597,
2022-02-11,-0.0189694543445634,
2022-02-14,-0.0038405967262932,
2022-02-15,0.0157667211707204,
2022-02-16,0.000881207755895,
2022-02-17,-0.021173138152195,
2022-02-18,-0.0071661613961429,
2022-02-22,-0.0101429452648328,
2022-02-23,-0.0184121228454876,
2022-02-24,0.0149568560673292,
2022-02-25,0.0223726776556034,
2022-02-28,-0.0024426034406476,
2022-03-01,-0.0154735036804118,
2022-03-02,0.018642691757321,
2022-03-03,-0.0052546664300883,
2022-03-04,-0.0079340425503344,
2022-03-07,-0.0295181583134491,
2022-03-08,-0.0072337535181997,
2022-03-09,0.0256982478914358,
2022-03-10,-0.0042918136516678,
2022-03-11,-0.0129615451234751,
2022-03-14,-0.0074210024659636,
2022-03-15,0.0214085741708709,
2022-03-16,0.0223837613571822,
2022-03-17,0.0123478175714519,
2022-03-18,0.0116622948279487,
2022-03-21,-0.0004346603621039,
2022-03-22,0.0113041136006502,
2022-03-23,-0.012272698789159,
2022-03-24,0.0143439129205664,
2022-03-25,0.005066170567449,
2022-03-28,0.0071449552765867,
2022-03-29,0.0122565474275304,
2022-03-30,-0.0062937001746978,
2022-03-31,-0.0156525407131773,
2022-04-01,0.0034102225843584,
2022-04-04,0.0080909386878793,
2022-04-05,-0.0125517208018073,
2022-04-06,-0.0097169166132718,
2022-04-07,0.0042533856284925,
2022-04-08,-0.0026510264820542,
2022-04-11,-0.0168772901035542,
2022-04-12,-0.0034174477177417,
2022-04-13,0.011174577597236,
2022-04-14,-0.0121441378443979,
2022-04-18,-0.0002048682840329,
2022-04-19,0.0160576043555271,
2022-04-20,-0.0006184750715809,
2022-04-21,-0.0147529484983719,
2022-04-22,-0.0277400542507536,
2022-04-25,0.0056979369853822,
2022-04-26,-0.0281463084310038,
2022-04-27,0.0020980468517017,
2022-04-28,0.0247469000729394,
2022-04-29,-0.0362845071064139,
2022-05-02,0.0056752428123536,
2022-05-03,0.0048371263814863,
2022-05-04,0.0298624210844022,
2022-05-05,-0.0356497086098069,
2022-05-06,-0.005674224842484,
2022-05-09,-0.0320371006323567,
2022-05-10,0.0024578974498534,
2022-05-11,-0.0164632075039383,
2022-05-12,-0.0012959645058717,
2022-05-13,0.0238696954230714,
2022-05-16,-0.0039464009295556,
2022-05-17,0.0201696322348636,
2022-05-18,-0.0403952607874525,
2022-05-19,-0.0058337818009925,
2022-05-20,0.0001461417696584,
2022-05-23,0.0185550399309235,
2022-05-24,-0.0081207976171752,
2022-05-25,0.0094507647342076,
2022-05-26,0.0198832561672241,
2022-05-27,0.0247422629551097,
2022-05-31,-0.006274368617659,
2022-06-01,-0.0074827686811318,
2022-06-02,0.0184310180384861,
2022-06-03,-0.0163473139924156,
2022-06-06,0.0031374007789131,
2022-06-07,0.009523393173235,
2022-06-08,-0.0107939457859356,
2022-06-09,-0.0237986939763535,
2022-06-10,-0.0291103033355246,
2022-06-13,-0.0387684306652372,
2022-06-14,-0.0037736797459957,
2022-06-15,0.0145925048589832,
2022-06-16,-0.0325119514881634,
2022-06-17,0.0022008656982546,
2022-06-21,0.0244772422800869,
2022-06-22,-0.0013015723144006,
2022-06-23,0.0095322174091778,
2022-06-24,0.0305632935858357,
2022-06-27,-0.0029730715337762,
2022-06-28,-0.020143036075892,
2022-06-29,-0.000711745409159,
2022-06-30,-0.0087592782679987,
2022-07-01,0.0105538140290473,
2022-07-05,0.0015841285142366,
2022-07-06,0.0035731642904301,
2022-07-07,0.0149645879652418,
2022-07-08,-0.000830271529819,
2022-07-11,-0.0115274614227772,
2022-07-12,-0.0092438787173215,
2022-07-13,-0.00445690251221,
2022-07-14,-0.0029986339021522,
2022-07-15,0.0192012493594366,
2022-07-18,-0.0083635715808313,
2022-07-19,0.0276282916459595,
2022-07-20,0.0058958061932632,
2022-07-21,0.0098613727091971,
2022-07-22,-0.0093324669763467,
2022-07-25,0.0013151670479691,
2022-07-26,-0.0115432026620586,
2022-07-27,0.0261562737829377,
2022-07-28,0.0121333386971809,
2022-07-29,0.0142077600825818,
2022-08-01,-0.0028230841271976,
2022-08-02,-0.0066623955507048,
2022-08-03,0.0156384771631401,
2022-08-04,-0.0007773401640558,
2022-08-05,-0.0016257460597355,
2022-08-08,-0.0012375507238541,
2022-08-09,-0.004248692893594,
2022-08-10,0.0212906376412902,
2022-08-11,-0.0007054739583503,
2022-08-12,0.0173223687745669,
2022-08-15,0.0039695418998517,
2022-08-16,0.001875679716581,
2022-08-17,-0.0072377949540946,
2022-08-18,0.0022695611701915,
2022-08-19,-0.0129000011398479,
2022-08-22,-0.0214000649197158,
2022-08-23,-0.0022378626777133,
2022-08-24,0.002916160446301,
2022-08-25,0.0140916055180615,
2022-08-26,-0.0336880587195187,
2022-08-29,-0.0066663557995026,
2022-08-30,-0.0110281555714482,
2022-08-31,-0.0078170251059712,
2022-09-01,0.0029962320243361,
2022-09-02,-0.010736500458081,
2022-09-06,-0.0040950569838349,
2022-09-07,0.018341016392734,
2022-09-08,0.006610721877456,
2022-09-09,0.0152714498163328,
2022-09-12,0.0105842727693497,
2022-09-13,-0.0432366134006168,
2022-09-14,0.0033870120853238,
2022-09-15,-0.0113177391843534,
2022-09-16,-0.0071821340894484,
2022-09-19,0.0068571007162865,
2022-09-20,-0.0112721030973618,
2022-09-21,-0.0171164936007844,
2022-09-22,-0.0084275809796894,
2022-09-23,-0.017232619015461,
2022-09-26,-0.010340526208282,
2022-09-27,-0.0021203598092424,
2022-09-28,0.0196721399262347,
2022-09-29,-0.0211264378802388,
2022-09-30,-0.0150666957719832,
2022-10-03,0.0258838949525761,
2022-10-04,0.0305837006795515,
2022-10-05,-0.0020179487570848,
2022-10-06,-0.0102450808466399,
2022-10-07,-0.0280036177867735,
2022-10-10,-0.0074924636339018,
2022-10-11,-0.0065191757777544,
2022-10-12,-0.0032907731480149,
2022-10-13,0.0259656424608649,
2022-10-14,-0.0236626636156543,
2022-10-17,0.026480052302171,
2022-10-18,0.0114275696664887,
2022-10-19,-0.0066720972934503,
2022-10-20,-0.0079509097065648,
2022-10-21,0.0237248198222648,
2022-10-24,0.0118819766546198,
2022-10-25,0.0162666545796699,
2022-10-26,-0.0073877160723645,
2022-10-27,-0.0060826106182112,
2022-10-28,0.0246263778959276,
2022-10-31,-0.0074544041076575,
2022-11-01,-0.0041012306087846,
2022-11-02,-0.0250019848573428,
2022-11-03,-0.0105859923154296,
2022-11-04,0.0136187246700705,
2022-11-07,0.0096139819205598,
2022-11-08,0.0055978928024627,
2022-11-09,-0.0207778869547897,
2022-11-10,0.0554344843603449,
2022-11-11,0.0092407467881479,
2022-11-14,-0.0089357770488009,
2022-11-15,0.0087131165503191,
2022-11-16,-0.0082520464979902,
2022-11-17,-0.0030893228355314,
2022-11-18,0.0047585819088147,
2022-11-21,-0.0038836886983297,
2022-11-22,0.013579987927526,
2022-11-23,0.0059146891478476,
2022-11-25,-0.0002830441976333,
2022-11-28,-0.0154441929131232,
2022-11-29,-0.0015918653377758,
2022-11-30,0.030947872397389,
2022-12-01,-0.0008676332180498,
2022-12-02,-0.0011946604880656,
2022-12-05,-0.0178942122835648,
2022-12-06,-0.014399194981406,
2022-12-07,-0.0018623708845491,
2022-12-08,0.0075217819575039,
2022-12-09,-0.0073495782479044,
2022-12-12,0.0142792962181093,
2022-12-13,0.0072896644387934,
2022-12-14,-0.0060527246341003,
2022-12-15,-0.024921675023714,
2022-12-16,-0.0111377507740807,
2022-12-19,-0.0090075160018523,
2022-12-20,0.0010373383615349,
2022-12-21,0.0148679938027347,
2022-12-22,-0.0144516995686163,
2022-12-23,0.005868102525282,
2022-12-27,-0.0040496221104097,
2022-12-28,-0.0120206383226153,
2022-12-29,0.0174613316448191,
2022-12-30,-0.0025407424823445,
2023-01-03,-0.0040005488792486,
2023-01-04,0.0075389705750443,
2023-01-05,-0.0116455288746221,
2023-01-06,0.0228407810294386,
2023-01-09,-0.0007676325452631,
2023-01-10,0.0069782331590619,
2023-01-11,0.0128494246148815,
2023-01-12,0.0034159058663651,
2023-01-13,0.0039968583635343,
2023-01-17,-0.0020304911890052,
2023-01-18,-0.015562598500411,
2023-01-19,-0.0076383502962943,
2023-01-20,0.0189184010459815,
2023-01-23,0.0118813449836652,
2023-01-24,-0.0007115031258156,
2023-01-25,-0.0001817250594663,
2023-01-26,0.0110078534691813,
2023-01-27,0.002494840970949,
2023-01-30,-0.0129687409846833,
2023-01-31,0.0146424702855101,
2023-02-01,0.0104523039445902,
2023-02-02,0.0146993732443099,
2023-02-03,-0.0103546106913104,
2023-02-06,-0.0061404630177543,
2023-02-07,0.0128725105980265,
2023-02-08,-0.0110807244761647,
2023-02-09,-0.0088297961777351,
2023-02-10,0.0021952617756952,
2023-02-13,0.0114486093427661,
2023-02-14,-0.0002804145319874,
2023-02-15,0.002773175690496,
2023-02-16,-0.0137887414891306,
2023-02-17,-0.0027674058253277,
2023-02-21,-0.0200412342553273,
2023-02-22,-0.0015735561458868,
2023-02-23,0.0053294294160743,
2023-02-24,-0.0105375514855581,
2023-02-27,0.0030730045671669,
2023-02-28,-0.0030360018281855,
2023-03-01,-0.00472526484568,
2023-03-02,0.0075821940867943,
2023-03-03,0.0161477371607488,
2023-03-06,0.0006871667698291,
2023-03-07,-0.0153269191153376,
2023-03-08,0.0014147940136839,
2023-03-09,-0.0184593578738486,
2023-03-10,-0.0144781384570513,
2023-03-13,-0.0015097610031894,
2023-03-14,0.0164766554806239,
2023-03-15,-0.0069808835654376,
2023-03-16,0.0175620062171666,
2023-03-17,-0.0110194573100675,
2023-03-20,0.00891840371831,
2023-03-21,0.0129821938977849,
2023-03-22,-0.0164632237757136,
2023-03-23,0.0029845287333754,
2023-03-24,0.0056398072531045,
2023-03-27,0.0016469543057482,
2023-03-28,-0.0015738434957162,
2023-03-29,0.0142372688798364,
2023-03-30,0.0057152693886679,
2023-03-31,0.0144365424717638,
2023-04-03,0.0036988464765423,
2023-04-04,-0.0057969720833299,
2023-04-05,-0.0024923705312281,
2023-04-06,0.0035791630944272,
2023-04-10,0.0009963029974375,
2023-04-11,-4.1352477946232646e-05,
2023-04-12,-0.0041348840520069,
2023-04-13,0.0132626899936381,
2023-04-14,-0.0020693734728036,
2023-04-17,0.0033061569029655,
2023-04-18,0.0008552202959737,
2023-04-19,-8.42619976980652e-05,
2023-04-20,-0.0059525481529729,
2023-04-21,0.0009031888869577,
2023-04-24,0.0008515791660903,
2023-04-25,-0.0158108588827732,
2023-04-26,-0.0038411871973298,
2023-04-27,0.019566149722497,
2023-04-28,0.0082532027534605,
2023-05-01,-0.0003861064902076,
2023-05-02,-0.0115862629364003,
2023-05-03,-0.0069983050646564,
2023-05-04,-0.0072187323343824,
2023-05-05,0.0184747513895153,
2023-05-08,0.0004521286642489,
2023-05-09,-0.0045794212772585,
2023-05-10,0.0044839652634049,
2023-05-11,-0.0016966239932159,
2023-05-12,-0.0015833068345566,
2023-05-15,0.0029581644391338,
2023-05-16,-0.006377683373153,
2023-05-17,0.0118908290587882,
2023-05-18,0.0094450486494266,
2023-05-19,-0.0014458676054706,
2023-05-22,0.0001550346964389,
2023-05-23,-0.0112220267475501,
2023-05-24,-0.0073186003353533,
2023-05-25,0.0087575812659024,
2023-05-26,0.0130490867779973,
2023-05-30,1.660326849850513e-05,
2023-05-31,-0.0061086242098339,
2023-06-01,0.0098544535630327,
2023-06-02,0.0145344247059655,
2023-06-05,-0.0020035816359177,
2023-06-06,0.0023538963079141,
2023-06-07,-0.0038120096998572,
2023-06-08,0.0061886426142414,
2023-06-09,0.001148059539441,
2023-06-12,0.0093211488102371,
2023-06-13,0.0069324899514737,
2023-06-14,0.0008194255259321,
2023-06-15,0.0121781374203466,
2023-06-16,-0.0036716195284263,
2023-06-20,-0.0047351076976228,
2023-06-21,-0.0052452815830036,
2023-06-22,0.0037107984144384,
2023-06-23,-0.0076588087666845,
2023-06-26,-0.0044868382932564,
2023-06-27,0.011455854954693,
2023-06-28,-0.0003540766884383,
2023-06-29,0.0044735446728059,
2023-06-30,0.0122690044957141,
2023-07-03,0.0011706778016009,
2023-07-05,-0.0019683184132291,
2023-07-06,-0.0079225113365009,
2023-07-07,-0.0028651005386203,
2023-07-10,0.0024050260571313,
2023-07-11,0.0067422110558885,
2023-07-12,0.0074112334853124,
2023-07-13,0.0084701534580691,
2023-07-14,-0.0010244071333035,
2023-07-17,0.0038553825145495,
2023-07-18,0.0071172752058423,
2023-07-19,0.002357910335732,
2023-07-20,-0.0067568962189037,
2023-07-21,0.000324094521898,
2023-07-24,0.0040341538771535,
2023-07-25,0.0028146733515561,
2023-07-26,-0.0001554388967985,
2023-07-27,-0.0064246660644878,
2023-07-28,0.0098778427947523,
2023-07-31,0.0014687129405193,
2023-08-01,-0.0026650876392156,
2023-08-02,-0.0138395413363479,
2023-08-03,-0.0025479738404268,
2023-08-04,-0.0053000741550505,
2023-08-07,0.0090240927793627,
2023-08-08,-0.0042182830447931,
2023-08-09,-0.0070387303805971,
2023-08-10,0.0002507139445697,
2023-08-11,-0.001069692370023,
2023-08-14,0.005750475751703,
2023-08-15,-0.0115509094288417,
2023-08-16,-0.0075553952105776,
2023-08-17,-0.0077129130290369,
2023-08-18,-0.0001487068260008,
2023-08-21,0.0068791885187959,
2023-08-22,-0.0027774667288296,
2023-08-23,0.0110448799659725,
2023-08-24,-0.0134579746631461,
2023-08-25,0.006717966037625,
2023-08-28,0.0062646197550364,
2023-08-29,0.0145083071945462,
2023-08-30,0.003833182103508,
2023-08-31,-0.0015969365120942,
2023-09-01,0.001799129260001,
2023-09-05,-0.004194177587506,
2023-09-06,-0.0069715993514528,
2023-09-07,-0.003211265936186,-0.0
2023-09-08,0.0014266227216406,-0.0021
2023-09-11,0.0067234531062752,0.0038
2023-09-12,-0.0056958856048289,0.0034
2023-09-13,0.0012416323054647,-0.0042
2023-09-14,0.0084299188671679,-0.0019
2023-09-15,-0.0121596129386778,-0.0031
2023-09-16,,0.0
2023-09-17,,0.0
2023-09-18,0.0007212876971294,-0.0064
2023-09-19,-0.0021510106153728,-0.0042
2023-09-20,-0.0093947947580596,-0.0103
2023-09-21,-0.0164009341032194,0.0004
2023-09-22,-0.0022955984771939,0.0048
2023-09-23,,0.0
2023-09-24,,0.0
2023-09-25,0.0040230650909416,0.0109
2023-09-26,-0.0147345339908682,-0.0081
2023-09-27,0.0002293140607452,0.0033
2023-09-28,0.0058931739705165,0.0062
2023-09-29,-0.002709582086142,0.0136
2023-09-30,,0.0001
2023-10-01,,0.0001
2023-10-02,7.936755559079245e-05,-0.0052
2023-10-03,-0.0137440716742595,0.0024
2023-10-04,0.0081097549571607,0.0002
2023-10-05,-0.0013040301597772,0.0058
2023-10-06,0.0118148930146444,0.0039
2023-10-07,,0.0001
2023-10-08,,0.0001
2023-10-09,0.0063038542996403,0.0075
2023-10-10,0.0052079907813922,0.0039
2023-10-11,0.0042930081710337,0.001
2023-10-12,-0.0062464343461184,0.0047
2023-10-13,-0.0050188588887675,-0.0056
2023-10-14,,0.0001
2023-10-15,,0.0001
2023-10-16,0.0105943693839298,-0.0051
2023-10-17,-9.824505308242416e-05,0.0038
2023-10-18,-0.0133998205065164,0.0005
2023-10-19,-0.008482848196321,-0.0025
2023-10-20,-0.0125852837190275,0.0043
2023-10-21,,0.0001
2023-10-22,,0.0001
2023-10-23,-0.0016855698941634,0.0
2023-10-24,0.0072657922227272,-0.0049
2023-10-25,-0.0143396286277125,0.0017
2023-10-26,-0.0118325197781096,-0.0106
2023-10-27,-0.0048002802297685,0.0051
2023-10-28,,0.0001
2023-10-29,,0.0001
2023-10-30,0.0120100223258599,-0.004
2023-10-31,0.0064749573072333,0.0025
2023-11-01,0.0105059994863139,0.0006
2023-11-02,0.0188585570201276,-0.0031
2023-11-03,0.0093937302530313,0.0185
2023-11-04,,0.0001
2023-11-05,,0.0001
2023-11-06,0.0017529924220356,0.0007
2023-11-07,0.0028401189192852,0.0024
2023-11-08,0.0010049156221052,0.0074
2023-11-09,-0.0080838393067328,-0.0022
2023-11-10,0.0156164410948524,-0.0009
2023-11-11,,0.0
2023-11-12,,0.0006
2023-11-13,-0.0008358389332403,-0.0021
2023-11-14,0.0190750177036618,-0.0026
2023-11-15,0.0015970120755575,0.0066
2023-11-16,0.0011904273935798,0.0065
2023-11-17,0.001282049060336,-0.0044
2023-11-18,,0.0001
2023-11-19,,0.0001
2023-11-20,0.0073902780973298,-0.0069
2023-11-21,-0.0020209310950652,-0.0039
2023-11-22,0.0040611292209464,-0.0016
2023-11-23,,0.0009
2023-11-24,0.000596873667884,-0.0052
2023-11-25,,0.0001
2023-11-26,,0.0001
2023-11-27,-0.00195415746009,-0.0051
2023-11-28,0.0009801185306033,-0.0002
2023-11-29,-0.0009462486392383,-0.001
2023-11-30,0.0037840728581564,0.0096
2023-12-01,0.0058737421236076,0.0001
2023-12-02,,0.0001
2023-12-03,,0.0001
2023-12-04,-0.0054085091269721,-0.0047
2023-12-05,-0.0005688697261614,-0.0019
2023-12-06,-0.0039062028088695,-0.009
2023-12-07,0.0079681890658929,0.0014
2023-12-08,0.0040954978699407,0.0062
2023-12-09,,0.0
2023-12-10,,0.0
2023-12-11,0.0039244942866989,-0.0008
2023-12-12,0.0045993575202152,0.0004
2023-12-13,0.0136506763510459,0.0031
2023-12-14,0.0026470624846992,0.0173
2023-12-15,-7.62494933082003e-05,0.0107
2023-12-16,,0.0
2023-12-17,,0.0
2023-12-18,0.0045283443669004,-0.0047
2023-12-19,0.0058664078189105,0.0011
2023-12-20,-0.0146842669110067,-0.0025
2023-12-21,0.0103014678212025,0.0015
2023-12-22,0.0016600585268868,0.0048
2023-12-23,,0.0
2023-12-24,,0.0
2023-12-25,,-0.0005
2023-12-26,0.0042316894655107,0.0032
2023-12-27,0.0014304577464787,0.0012
2023-12-28,0.0003701746080437,0.0005
2023-12-29,-0.0028264750133749,0.0015
2023-12-30,,-0.0
2023-12-31,,-0.0002
2024-01-01,,-0.003
2024-01-02,-0.0056605790054923,-0.0086
2024-01-03,-0.0080163149227308,-0.0006
2024-01-04,-0.003428381297357,-0.0023
2024-01-05,0.0018256861788026,0.0043
2024-01-06,,-0.0
2024-01-07,,-0.0
2024-01-08,0.0141146293098466,0.0049
2024-01-09,-0.0014779006799081,0.0021
2024-01-10,0.0056659718937244,0.005
2024-01-11,-0.0006710555783868,-0.0004
2024-01-12,0.0007509755941104,0.0069
2024-01-13,,-0.0
2024-01-14,,-0.0
2024-01-15,,0.0067
2024-01-16,-0.0037313402367431,-0.0002
2024-01-17,-0.0056168971839904,-0.0041
2024-01-18,0.008805260963896,0.0084
2024-01-19,0.0123135027649361,0.0091
2024-01-20,,-0.0001
2024-01-21,,-0.0
2024-01-22,0.002194325202627,0.0039
2024-01-23,0.002921374261968,-0.0187
2024-01-24,0.0008119284117831,0.0072
2024-01-25,0.0052603655277063,0.0157
2024-01-26,-0.0006517852510764,-0.001
2024-01-27,,-0.0
2024-01-28,,-0.0
2024-01-29,0.0075567748961808,0.0058
2024-01-30,-0.0006006499345398,-0.0012
2024-01-31,-0.0161057446115979,0.0026
2024-02-01,0.0124936882116097,0.0099
2024-02-02,0.0106844460775146,0.0058
2024-02-03,,-0.0
2024-02-04,,-0.0
2024-02-05,-0.0031863375266721,-0.0007
2024-02-06,0.0023104108269635,-0.0121
2024-02-07,0.00824145796339,0.0029
2024-02-08,0.0005705832608251,0.0001
2024-02-09,0.0057423415255595,0.0009
2024-02-10,,-0.0
2024-02-11,,-0.0
2024-02-12,-0.0009489536011326,-0.0076
2024-02-13,-0.0136742556536254,0.0043
2024-02-14,0.0095797632750176,0.0042
2024-02-15,0.0058212506847294,-0.0072
2024-02-16,-0.0048034698371121,0.0032
2024-02-17,,-0.0
2024-02-18,,-0.0
2024-02-19,,-0.0009
2024-02-20,-0.0060053220011653,-0.0087
2024-02-21,0.0012641999229821,-0.0028
2024-02-22,0.021122884217414,0.0097
2024-02-23,0.0003479475462115,0.004
2024-02-24,,-0.0
2024-02-25,,-0.0
2024-02-26,-0.0037867513501905,0.0006
2024-02-27,0.0017063496993998,-0.0159
2024-02-28,-0.0016581550604305,0.0062
2024-02-29,0.0052290946971491,0.0055
2024-03-01,0.0080078289488876,0.0028
2024-03-02,,0.0002
2024-03-03,,-0.0
2024-03-04,-0.0011932620709189,0.0113
2024-03-05,-0.0101931008834446,-0.0159
2024-03-06,0.0051411032032746,-0.0063
2024-03-07,0.0103041279259514,0.0122
2024-03-08,-0.0065285190034379,0.0037
2024-03-09,,-0.0
2024-03-10,,-0.0
2024-03-11,-0.0011222380873464,-0.0152
2024-03-12,0.0112017879813663,0.0111
2024-03-13,-0.0019245297153407,-0.0035
2024-03-14,-0.0028710915621273,-0.0017
2024-03-15,-0.0064829174844615,-0.0053
2024-03-16,,-0.0
2024-03-17,,-0.0
2024-03-18,0.0063180595049523,0.0004
2024-03-19,0.0056491496501236,-0.0137
2024-03-20,0.0089041739128465,0.0027
2024-03-21,0.003236535401516,0.0197
2024-03-22,-0.0014021878490156,-0.0027
2024-03-23,,-0.0
2024-03-24,,-0.0
2024-03-25,-0.0030549644525015,-0.0095
2024-03-26,-0.0027997952250302,0.0053
2024-03-27,0.0086306265255329,-0.0023
2024-03-28,0.001116485507179,-0.007
2024-03-29,,0.0061
2024-03-30,,-0.0001
2024-03-31,,-0.0019
2024-04-01,-0.0020135845401164,0.0091
2024-04-02,-0.0072390590731691,-0.0014
2024-04-03,0.0010911223646881,0.0036
2024-04-04,-0.0123343363503796,0.004
2024-04-05,0.0110991941743316,0.003
2024-04-06,,-0.0
2024-04-07,,-0.0
2024-04-08,-0.0003746309983179,0.003
2024-04-09,0.0014454931932483,-0.0103
2024-04-10,-0.0094569806491084,-0.0021
2024-04-11,0.0074447977105855,0.0014
2024-04-12,-0.0145506882958016,-0.0111
2024-04-13,,-0.0
2024-04-14,,-0.0
2024-04-15,-0.012021354947762,-0.0075
2024-04-16,-0.0020565070133361,-0.0001
2024-04-17,-0.0057806027246414,-0.0027
2024-04-18,-0.0022081601199982,-0.0068
2024-04-19,-0.0087585481274361,-0.0079
2024-04-20,,-0.0
2024-04-21,,-0.0
2024-04-22,0.0087312480714667,0.0173
2024-04-23,0.0119645762708726,0.0038
2024-04-24,0.0002130100613548,0.0016
2024-04-25,-0.0045764303535156,-0.0019
2024-04-26,0.010209142634743,0.003
2024-04-27,,-0.0
2024-04-28,,-0.0
2024-04-29,0.0031784486665891,0.0031
2024-04-30,-0.0157305135868621,0.0084
2024-05-01,-0.003435438815494,0.0002
2024-05-02,0.009128437077573,0.009
2024-05-03,0.0125567397214785,-0.0019
2024-05-04,,-0.0001
2024-05-05,,-0.0001
2024-05-06,0.0103261239070118,0.0061
2024-05-07,0.001343429823275,-0.0006
2024-05-08,-5.835618166138978e-06,0.002
2024-05-09,0.0050909476986258,-0.009
2024-05-10,0.0016493988445498,0.0219
2024-05-11,,-0.0
2024-05-12,,-0.0
2024-05-13,-0.0002413040553572,0.0084
2024-05-14,0.0048378131397597,0.0112
2024-05-15,0.0117159278825962,0.0053
2024-05-16,-0.0020816677921287,0.0111
2024-05-17,0.0011647735102702,0.0012
2024-05-18,,-0.0
2024-05-19,,-0.0
2024-05-20,0.0009163899374069,0.0055
2024-05-21,0.0025018742439781,-0.0112
2024-05-22,-0.0027061230392261,0.0119
2024-05-23,-0.0073807894850155,0.0025
2024-05-24,0.0070010425881694,-0.0017
2024-05-25,,-0.0
2024-05-26,,-0.0
2024-05-27,,-0.0077
2024-05-28,0.000248801852934,0.0005
2024-05-29,-0.0073670465096804,-0.01
2024-05-30,-0.0059750355854433,-0.0135
2024-05-31,0.0080278762048646,-0.0109
2024-06-01,,-0.0001
2024-06-02,,-0.0001
2024-06-03,0.0011160825806737,0.0131
2024-06-04,0.0015028090913065,-0.0093
2024-06-05,0.0118476497933313,0.0203
2024-06-06,-0.0001998166356331,-0.0065
2024-06-07,-0.0011152197300303,0.013
2024-06-08,,-0.0001
2024-06-09,,-0.0001
2024-06-10,0.0025808546645145,0.0021
2024-06-11,0.0027103813151374,0.0002
2024-06-12,0.0085036727919987,0.0102
2024-06-13,0.0023446558536817,0.0089
2024-06-14,-0.0003938606975009,-0.0006
2024-06-15,,-0.0001
2024-06-16,,-0.0001
2024-06-17,0.0076643865645527,0.0128
2024-06-18,0.0025213273947457,0.0102
2024-06-19,,0.0001
2024-06-20,-0.0025259318472709,-0.0054
2024-06-21,-0.0015621303211011,-0.0044
2024-06-22,,-0.0
2024-06-23,,-0.0
2024-06-24,-0.00306517189499,-0.0062
2024-06-25,0.0039335900157368,0.0061
2024-06-26,0.0015724312002203,-0.0049
2024-06-27,0.0009073212238914,0.0128
2024-06-28,-0.0040836525834456,0.0087
2024-06-29,,-0.0
2024-06-30,,0.0004
2024-07-01,0.0026755639309195,-0.0043
2024-07-02,0.0061953178565135,-0.0125
2024-07-03,0.005084444409779,-0.0211
2024-07-04,,0.0028
2024-07-05,0.0054487651784855,0.0043
2024-07-06,,-0.0
2024-07-07,,-0.0
2024-07-08,0.001016698964751,-0.0028
2024-07-09,0.0007410719362856,0.0014
2024-07-10,0.0102080652935148,0.0023
2024-07-11,-0.0087630288411204,-0.0004
2024-07-12,0.0055170270744306,-0.0016
2024-07-13,,-0.0
2024-07-14,,-0.0
2024-07-15,0.0028262026252154,-0.0151
2024-07-16,0.0063893754987431,-0.0026
2024-07-17,-0.0139275432419937,-0.0049
2024-07-18,-0.0078164039369225,-0.0063
2024-07-19,-0.0071402655319269,-0.0015
2024-07-20,,-0.0
2024-07-21,,-0.0
2024-07-22,0.0107920356494095,-0.0008
2024-07-23,-0.0015581025897707,-0.0023
2024-07-24,-0.0231490937547349,0.0001
2024-07-25,-0.0051426202378422,-0.0032
2024-07-26,0.0110904687028463,-0.006
2024-07-27,,-0.0
2024-07-28,,-0.0
2024-07-29,0.0008133101292933,-0.0032
2024-07-30,-0.0049601718780302,-0.0015
2024-07-31,0.0157933986591674,0.0015
2024-08-01,-0.013693502993456,0.0132
2024-08-02,-0.0183818608686967,-0.0059
2024-08-03,,-0.0
2024-08-04,,-0.0
2024-08-05,-0.0299687983886397,-0.0033
2024-08-06,0.010354085880061,0.005
2024-08-07,-0.0077346478585028,0.0148
2024-08-08,0.0230426115191364,-0.0059
2024-08-09,0.0046716768495385,0.0157
2024-08-10,,-0.0
2024-08-11,,-0.0
2024-08-12,4.303397765514916e-05,0.0076
2024-08-13,0.0168475797535583,0.0003
2024-08-14,0.0038237284285767,0.0034
2024-08-15,0.0161332477643307,-0.0067
2024-08-16,0.0019897793572614,0.0106
2024-08-17,,-0.0
2024-08-18,,-0.0
2024-08-19,0.0097222847369131,0.0016
2024-08-20,-0.0019845553982971,0.0085
2024-08-21,0.004239676828782,-0.0046
2024-08-22,-0.0089328055481209,0.0164
2024-08-23,0.0114833708501191,-0.0156
2024-08-24,,-0.0
2024-08-25,,-0.0
2024-08-26,-0.0031537266931381,-0.0166
2024-08-27,0.001595196086545,-0.006
2024-08-28,-0.0059759732079761,0.0039
2024-08-29,-3.937906806072977e-05,-0.0079
2024-08-30,0.0100930517744244,-0.0017
2024-08-31,,0.0018
2024-09-01,,-0.0001
2024-09-02,,-0.0007
2024-09-03,-0.0211510743977116,-0.001
2024-09-04,-0.0016025435809103,-0.0106
2024-09-05,-0.0030180176155847,0.0016
2024-09-06,-0.0172602498592846,0.0009
2024-09-07,,-0.0
2024-09-08,,-0.0
2024-09-09,0.0115800702824842,0.0004
2024-09-10,0.0044726726528396,0.0052
2024-09-11,0.0106650258888965,-0.0022
2024-09-12,0.0074953023589392,0.0089
2024-09-13,0.0054077114053645,-0.0014
2024-09-14,,-0.0
2024-09-15,,-0.0
2024-09-16,0.0012566297656613,0.0028
2024-09-17,0.0002645500810987,0.0024
2024-09-18,-0.002896455862498,-0.0033
2024-09-19,0.0169768531667633,0.0009
2024-09-20,-0.0019410273951238,-0.0035
2024-09-21,,-0.0
2024-09-22,,-0.0
2024-09-23,0.0028092730585327,-0.0042
2024-09-24,0.002511178844347,-0.0043
2024-09-25,-0.0018612489301417,0.0132
2024-09-26,0.0040386757171231,0.0022
2024-09-27,-0.0012532169669905,0.0053
2024-09-28,,-0.0
2024-09-29,,-0.0
2024-09-30,0.0042365525811767,0.0147
2024-10-01,-0.0093241070946643,-0.0049
2024-10-02,0.0001383909021239,-0.0026
2024-10-03,-0.001681413492255,-0.0098
2024-10-04,0.0089702493952743,0.0137
2024-10-05,,-0.0
2024-10-06,,-0.0
2024-10-07,-0.0095860221658826,0.0132
2024-10-08,0.0096893474955819,-0.0207
2024-10-09,0.0071134119874882,0.0058
2024-10-10,-0.0020701228399899,-0.0141
2024-10-11,0.0060518475879536,0.0034
2024-10-12,,-0.0
2024-10-13,,-0.0
2024-10-14,0.0077076668832223,0.0094
2024-10-15,-0.0076094663324381,0.0074
2024-10-16,0.0046791459565738,-0.0015
2024-10-17,-0.0001711604789117,0.0023
2024-10-18,0.0039715527389487,0.0017
2024-10-19,,-0.0
2024-10-20,,-0.0
2024-10-21,-0.0018227694906369,0.0054
2024-10-22,-0.0004748538883844,-0.0048
2024-10-23,-0.0091913234280693,0.005
2024-10-24,0.0021457720113238,-0.0093
2024-10-25,-0.0002994471699301,-0.0079
2024-10-26,,-0.0
2024-10-27,,-0.0
2024-10-28,0.0026514435020339,-0.0074
2024-10-29,0.0016141272481633,0.0087
2024-10-30,-0.0033002338893437,0.0003
2024-10-31,-0.0186147008716995,-0.0117
2024-11-01,0.0040925095436261,0.0015
2024-11-02,,-0.0
2024-11-03,,-0.0
2024-11-04,-0.0028120834782999,-0.0096
2024-11-05,0.0122656445452913,-0.0139
2024-11-06,0.0252959277864259,-0.0023
2024-11-07,0.0074312297274883,-0.0067
2024-11-08,0.0037568333092317,0.0045
2024-11-09,,-0.0
2024-11-10,,-0.0
2024-11-11,0.0009690634297987,-0.0046
2024-11-12,-0.0028926596513724,-0.0087
2024-11-13,0.0002322277248243,-0.0085
2024-11-14,-0.006049734794859,0.0037
2024-11-15,-0.0132034898513612,-0.005
2024-11-16,,-0.0
2024-11-17,,-0.0
2024-11-18,0.003917814394541,0.0016
2024-11-19,0.00396358482847,0.0084
2024-11-20,2.195086225209586e-05,-0.0042
2024-11-21,0.0053404615405816,-0.0053
2024-11-22,0.0034679590949915,0.0023
2024-11-23,,-0.0
2024-11-24,,-0.0
2024-11-25,0.0030204803059383,0.0022
2024-11-26,0.0057220056476303,0.0071
2024-11-27,-0.00380123801744,0.0089
2024-11-28,,-0.0034
2024-11-29,0.0056077854888152,0.0076
2024-11-30,,0.0017
2024-12-01,,-0.0001
2024-12-02,0.0024484564662998,-0.0076
2024-12-03,0.0004514491145146,0.0037
2024-12-04,0.0060514179242647,0.0142
2024-12-05,-0.0018697756269248,0.0104
2024-12-06,0.0024954538421815,-0.0005
2024-12-07,,-0.0
2024-12-08,,-0.0
2024-12-09,-0.0061442139272964,0.0021
2024-12-10,-0.0029638833139443,-0.0034
2024-12-11,0.0081657860482335,0.0027
2024-12-12,-0.0054140225278102,0.0076
2024-12-13,-2.6466639124200775e-05,0.0007
2024-12-14,,-0.0
2024-12-15,,-0.0
2024-12-16,0.0037993543260221,0.0004
2024-12-17,-0.0038639949658014,-0.0051
2024-12-18,-0.0294928463516034,-0.0258
2024-12-19,-0.000865112324907,-0.0108
2024-12-20,0.0108691237689104,-0.0155
2024-12-21,,-0.0
2024-12-22,,-0.0
2024-12-23,0.0072872734685336,0.009
2024-12-24,0.0110427592553921,-0.0014
2024-12-25,,0.0108
2024-12-26,-0.0004056587864739,-0.0099
2024-12-27,-0.0110557361012355,0.005
2024-12-28,,-0.0
2024-12-29,,-0.0
2024-12-30,-0.0107019957017667,0.0017
2024-12-31,-0.0042848003949274,0.0188
2025-01-01,,-0.0035
2025-01-02,-0.0022238866412221,0.0055
2025-01-03,0.0125960267214919,0.0111
2025-01-04,,-0.0
2025-01-05,,-0.0
2025-01-06,0.0055380450854503,0.0175
2025-01-07,-0.0111039128821078,-0.0025
2025-01-08,0.0015603601909253,0.0023
2025-01-09,,0.0134
2025-01-10,-0.0154116438030668,0.0122
2025-01-11,,-0.0
2025-01-12,,-0.0
2025-01-13,0.0015754440882007,-0.0079
2025-01-14,0.001146279811244,0.0004
2025-01-15,0.0183127922796391,0.0035
2025-01-16,-0.0021126894641922,0.0025
2025-01-17,0.0099910589693537,-0.0026
2025-01-18,,-0.0
2025-01-19,,-0.0
2025-01-20,,0.0014
2025-01-21,0.0087682271055828,0.0101
2025-01-22,0.0061379415222275,0.0257
2025-01-23,0.0053134862204113,-0.0004
2025-01-24,-0.0028551323193988,0.0121
2025-01-25,,-0.0
2025-01-26,,-0.0
2025-01-27,-0.0145807156908095,-0.0046
2025-01-28,0.0092178694499676,0.0093
2025-01-29,-0.0046788957603215,0.001
2025-01-30,0.0052754144053117,0.0045
2025-01-31,-0.0050468257540199,-0.0212
2025-02-01,,-0.0
2025-02-02,,-0.0
2025-02-03,-0.0076085976846667,-0.0035
2025-02-04,0.0072248818286797,-0.001
2025-02-05,0.0039086729306143,0.007
2025-02-06,0.0036442987226186,-0.0017
2025-02-07,-0.0094647701115428,0.0071
2025-02-08,,-0.0
2025-02-09,,-0.0
2025-02-10,0.0067125410858628,0.0162
2025-02-11,0.0003395827888592,0.0088
2025-02-12,-0.0027238667143857,0.0105
2025-02-13,0.0104262921222306,-0.023
2025-02-14,-7.194380749464546e-05,-0.0111
2025-02-15,,-0.0
2025-02-16,,-0.0
2025-02-17,,0.0044
2025-02-18,0.0024449877750611,0.0077
2025-02-19,0.0023769693899173,-0.0078
2025-02-20,-0.0043341850761716,0.0074
2025-02-21,-0.0170641267025635,-0.0053
2025-02-22,,-0.0
2025-02-23,,-0.0
2025-02-24,-0.0049691065044024,-0.0277
2025-02-25,-0.0046797309154723,-0.005
2025-02-26,0.0001360242800469,0.0067
2025-02-27,-0.0158645536555098,-0.0073
2025-02-28,0.0158541446349889,-0.0063
2025-03-01,,-0.0002
2025-03-02,,-0.0
2025-03-03,-0.0175967394669998,0.009
2025-03-04,-0.0122348266022004,-0.0177
2025-03-05,0.0111592778931879,0.0003
2025-03-06,-0.0178190070857499,-0.0036
2025-03-07,0.005520617802748,-0.0113
2025-03-08,,-0.0
2025-03-09,,-0.0
2025-03-10,-0.0269730913054258,-0.0164
2025-03-11,-0.0075678653236531,-0.0034
2025-03-12,0.0048868699294464,0.012
2025-03-13,-0.0138909842068353,0.0052
2025-03-14,0.0212658690830878,0.0066
2025-03-15,,-0.0
2025-03-16,,-0.0
2025-03-17,0.0064161307191059,0.0008
2025-03-18,-0.0106535121176365,-0.0094
2025-03-19,0.0107984955678945,0.0101
2025-03-20,-0.0021848931523151,-0.0029
2025-03-21,0.0008246534476661,-0.002
2025-03-22,,-0.0
2025-03-23,,-0.0
2025-03-24,0.0176460001466336,-0.0039
2025-03-25,0.0015743334544251,-0.0068
2025-03-26,-0.0111569349226271,0.0032
2025-03-27,-0.0033069808607638,-0.0037
2025-03-28,-0.019737220708344,-0.0102
2025-03-29,,-0.0
2025-03-30,,-0.0
2025-03-31,0.0055385215706533,0.002
2025-04-01,0.0037812354559083,0.0207
2025-04-02,0.0067281947157926,0.0104
2025-04-03,-0.0483956333599014,-0.0083
2025-04-04,-0.059749605345531,-0.0032
2025-04-05,,-0.0
2025-04-06,,-0.0
2025-04-07,-0.0023314724921273,-0.0082
2025-04-08,-0.0157005245629413,-0.0128
2025-04-09,0.0951538764490484,0.0212
2025-04-10,-0.0346075795847269,-0.0161
2025-04-11,0.0180920952017089,0.0175
2025-04-12,,-0.0
2025-04-13,,-0.0
2025-04-14,0.0079447123908689,-0.0069
2025-04-15,-0.0017277808903947,0.0049
2025-04-16,-0.0224083715440897,-0.0054
2025-04-17,0.0013268380955802,-0.0012
2025-04-18,,0.0022
2025-04-19,,-0.0001
2025-04-20,,-0.0001
2025-04-21,-0.0235674930238275,-0.0115
2025-04-22,0.0251172047238952,0.0138
2025-04-23,0.01666113847096,0.024
2025-04-24,0.0202591137082812,-0.0131
2025-04-25,0.0073731334699984,0.0044
2025-04-26,,-0.0001
2025-04-27,,-0.0001
2025-04-28,0.0006407067039131,-0.0073
2025-04-29,0.005802410694099,0.0143
2025-04-30,0.0014799913597656,0.0126
2025-05-01,0.0062991021385856,0.0019
2025-05-02,0.0147265741296347,0.0451
2025-05-03,,-0.0001
2025-05-04,,-0.0001
2025-05-05,-0.0063815975889338,0.0053
2025-05-06,-0.0076932396518555,-0.0038
2025-05-07,0.0043463562331358,-0.0062
2025-05-08,0.0057997750948355,-0.0047
2025-05-09,-0.0007114809122162,0.0027
2025-05-10,,-0.0001
2025-05-11,,-0.0001
2025-05-12,0.0325587827490083,0.0129
2025-05-13,0.0072482009835321,-0.0122
2025-05-14,0.0010244155978598,-0.0018
2025-05-15,0.0041323320741357,-0.0023
2025-05-16,0.0070052722948985,0.0082
2025-05-17,,-0.0001
2025-05-18,,-0.0001
2025-05-19,0.0008761131291423,0.0011
2025-05-20,-0.0038802294486252,0.0027
2025-05-21,-0.0161351306610142,0.0075
2025-05-22,-0.0004448710379429,-0.001
2025-05-23,-0.0067082978253216,0.0013
2025-05-24,,-0.0001
2025-05-25,,-0.0001
2025-05-26,,-0.022
2025-05-27,0.0204590558452733,0.0103
2025-05-28,-0.0055712254172688,-0.01
2025-05-29,0.0040111942619043,0.005
2025-05-30,-8.118516130162234e-05,-0.005
2025-05-31,,-0.0001
2025-06-01,,-0.0001
2025-06-02,0.0041020419271569,-0.0005
2025-06-03,0.0058002904546055,0.0052
2025-06-04,7.36874595066439e-05,0.0016
2025-06-05,-0.0052773834030941,0.009
2025-06-06,0.0102806830100679,-0.0095
2025-06-07,,-0.0001
2025-06-08,,-0.0001
2025-06-09,0.0009199480792858,0.0165
2025-06-10,0.0054829894076784,0.0109
2025-06-11,-0.0027438889546078,0.0008
2025-06-12,0.0038224199557175,-0.0036
2025-06-13,-0.0112963798792506,0.0024
2025-06-14,,-0.0001
2025-06-15,,-0.0001
2025-06-16,0.0093926598961591,0.0073
2025-06-17,-0.0083521847901663,-0.0053
2025-06-18,-0.000309240210107,0.0039
2025-06-19,,-0.0069
2025-06-20,-0.0021786584865058,-0.0002
2025-06-21,,-0.0001
2025-06-22,,-0.0001
2025-06-23,0.0096065041331563,-0.0079
2025-06-24,0.0111217201797018,0.0201
2025-06-25,-3.2861029504172024e-06,0.0145
2025-06-26,0.0080201212752302,-0.0048
2025-06-27,0.0052189708852221,-0.0154
2025-06-28,,-0.0001
2025-06-29,,-0.0001
2025-06-30,0.0051644274245326,-0.002
2025-07-01,-0.0011185310871218,0.0061
2025-07-02,0.004745096791088,-0.0012
2025-07-03,0.0083389552066073,-0.0025
2025-07-04,,-0.0022
2025-07-05,,-0.0001
2025-07-06,,-0.0001
2025-07-07,-0.0078622972791287,-0.0044
2025-07-08,-0.0007158868810946,0.0044
2025-07-09,0.0060621034026635,-0.0025
2025-07-10,0.0027462050044453,0.005
2025-07-11,-0.0032975229626984,0.0011
2025-07-12,,-0.0001
2025-07-13,,-0.0001
2025-07-14,0.0014074138094573,0.0033
2025-07-15,-0.0039562982147312,0.0067
2025-07-16,0.0031936574173276,0.0074
2025-07-17,0.0053737674089093,-0.0105
2025-07-18,-9.048620868445932e-05,0.0063
2025-07-19,,-0.0001
2025-07-20,,-0.0001
2025-07-21,0.0013991348828683,-0.0001
2025-07-22,0.0006375316336257,-0.0058
2025-07-23,0.0078118869515191,0.0039
2025-07-24,0.0006982236416543,0.0045
2025-07-25,0.0039743277792958,-0.001
2025-07-26,,-0.0001
2025-07-27,,-0.0001
2025-07-28,0.0001768581088181,-0.0034
2025-07-29,-0.0029594423887242,0.0076
2025-07-30,-0.0012494327466496,0.0057
2025-07-31,-0.003694819341153,-0.0078
2025-08-01,-0.0159921331401484,-0.0213
2025-08-02,,-0.0001
2025-08-03,,-0.0001
2025-08-04,0.014737100330916,-0.0003
2025-08-05,-0.0048578659963033,0.0118
2025-08-06,0.0072819072950924,0.0
2025-08-07,-0.0007974800154801,0.0048
2025-08-08,0.0077997153489748,-0.0134
2025-08-09,,-0.0001
2025-08-10,,-0.0001
2025-08-11,-0.0025041278217863,-0.006
2025-08-12,0.0113454358466127,-0.0096
2025-08-13,0.0032300788824048,0.0178
2025-08-14,0.0003030908012924,-0.0013
2025-08-15,-0.0028971350972291,-0.0073
2025-08-16,,-0.0001
2025-08-17,,-0.0001
2025-08-18,-0.0001007631807854,-0.0095
2025-08-19,-0.0058581031187567,-0.0
2025-08-20,-0.0024316693228262,-0.0053
2025-08-21,-0.0040041815293089,0.0001
2025-08-22,0.0151864448768934,0.0055
2025-08-23,,-0.0001
2025-08-24,,-0.0001
2025-08-25,-0.0042663855480634,0.0071
2025-08-26,0.0041339951911349,0.0016
2025-08-27,0.0023909843081744,-0.0017
2025-08-28,0.0031567194195349,0.016
2025-08-29,-0.0063981842935716,0.0108
2025-08-30,,-0.0001
2025-08-31,,-0.0001
2025-09-01,,0.0055
2025-09-02,-0.0069222799368615,0.001
2025-09-03,0.0051000736279842,0.0019
2025-09-04,0.0083464864096993,-0.0237
2025-09-05,-0.0031651529783888,0.0185
2025-09-06,,-0.0001
2025-09-07,,-0.0001
2025-09-08,0.0021059789159529,0.0137
2025-09-09,0.0026881536531127,-0.0018
2025-09-10,0.0029834699435626,0.0175
2025-09-11,0.0084858903879598,0.0101
2025-09-12,-0.0004827613146674,0.0177
2025-09-13,,-0.0001
2025-09-14,,-0.0001
2025-09-15,0.0047066192269626,0.0109
2025-09-16,-0.0012879303382402,0.0042
2025-09-17,-0.0009701681605103,-0.0081
2025-09-18,0.0047891191851283,-0.0059
2025-09-19,0.0048854188708296,-0.0148
2025-09-20,,-0.0
2025-09-21,,-0.0
2025-09-22,0.004410046474333,0.0114
2025-09-23,-0.0055021591970121,0.005
2025-09-24,-0.0028466178433332,0.0081
2025-09-25,-0.0050090613431266,-0.0063
2025-09-26,0.0059018367471712,-0.0232
2025-09-27,,-0.0
2025-09-28,,-0.0
2025-09-29,0.0026355442163621,0.024
2025-09-30,0.0040908483833717,0.0049
2025-10-01,0.0033999208349619,0.0076
2025-10-02,0.0006183547238911,0.008
2025-10-03,6.551280273581206e-05,0.0037
2025-10-04,,-0.0
2025-10-05,,-0.0
2025-10-06,0.0036465919796933,-0.009
2025-10-07,-0.0038114057910215,-0.0032
2025-10-08,0.005827663640568,-0.0057
2025-10-09,-0.0027555704071953,-0.0012
2025-10-10,-0.0271116732114136,-0.0093
2025-10-11,,-0.0
2025-10-12,,-0.0
2025-10-13,0.0155986717875575,-0.0128
2025-10-14,-0.0015643266604626,-0.0026
2025-10-15,0.0040260011595036,0.0095
2025-10-16,-0.0062943870998294,0.0109
2025-10-17,0.0052707155502571,0.0002
2025-10-18,,-0.0001
2025-10-19,,-0.0001
2025-10-20,0.0106722708532569,-0.0016
2025-10-21,3.2696450934288634e-05,-0.0054
2025-10-22,-0.0053375392208654,0.0019
2025-10-23,0.0058273934429324,0.0012
2025-10-24,0.0079024225878738,0.0186
2025-10-25,,-0.0
2025-10-26,,-0.0
2025-10-27,0.0122900508656711,0.011
2025-10-28,0.0022879438603986,-0.0078
2025-10-29,-4.3578255173426506e-05,0.0222
2025-10-30,-0.0099048124395192,0.0101
2025-10-31,0.0026179217059763,-0.0023
2025-11-01,,-0.0001
2025-11-02,,-0.0001
2025-11-03,0.0017207127269924,0.0191
2025-11-04,-0.0117368300845838,-0.0047
2025-11-05,0.0036535556982648,0.0009
2025-11-06,-0.011178189042419,0.0175
2025-11-07,0.001261841800771,-0.0073
2025-11-08,,-0.0
2025-11-09,,-0.0001
2025-11-10,0.0154010186217099,0.0166
2025-11-11,0.0020753505173405,-0.0008
2025-11-12,0.0006295171887717,-0.0115
2025-11-13,-0.0165568549615969,-0.0011
2025-11-14,-0.0005017255648851,-0.0136
2025-11-15,,-0.0
2025-11-16,,-0.0
2025-11-17,-0.0091622661768078,0.0168
2025-11-18,-0.0082564366909679,-0.0144
2025-11-19,0.0037538357962292,-0.0017
2025-11-20,-0.0155672835632704,0.0052
2025-11-21,0.0098230354153194,-0.0377
2025-11-22,,-0.0
2025-11-23,,-0.0
2025-11-24,0.0154672170012934,0.0039
2025-11-25,0.0090616968172205,0.0097
2025-11-26,0.0069067115110126,0.0012
2025-11-27,,0.0032
2025-11-28,0.0053547731634202,0.005
2025-11-29,,-0.0
2025-11-30,,-0.0002
2025-12-01,-0.0053233293429156,-0.0056
2025-12-02,0.0024572352619998,-0.0031
2025-12-03,0.0029797912994984,-0.0113
2025-12-04,0.0010803218396737,-0.0052
2025-12-05,0.001936641757662,0.0128
2025-12-06,,-0.0
2025-12-07,,-0.0
2025-12-08,-0.003477255626794,0.0111
2025-12-09,-0.0008763589340257,-0.0061
2025-12-10,0.0067495569392015,0.0073
2025-12-11,0.0020793508415142,0.0029
2025-12-12,-0.010663649289958,0.0057
2025-12-13,,-0.0
2025-12-14,,-0.0
2025-12-15,-0.0015965630269072,-0.007
2025-12-16,-0.0023839179519623,-0.0148
2025-12-17,-0.0115921439122413,0.0083
2025-12-18,0.0079342622699418,0.0021
2025-12-19,0.0088180594503322,-0.0042
2025-12-20,,-0.0
2025-12-21,,-0.0
2025-12-22,0.0064364963603775,0.0083
2025-12-23,0.0045503887657032,-0.0015
2025-12-24,0.0032214822012188,0.0077
2025-12-25,,-0.0001
2025-12-26,-0.0003043635491226,0.0014
2025-12-27,,-0.0
2025-12-28,,-0.0
2025-12-29,-0.0034920514803681,-0.0025
2025-12-30,-0.0013756671519022,0.0002
2025-12-31,-0.0073576663008461,0.0013
2026-01-01,,0.0
2026-01-02,0.0018947067188299,0.0197
2026-01-03,,0.0
2026-01-04,,0.0
2026-01-05,0.0063541268648263,0.0136
2026-01-06,0.0061967126783413,0.0105
2026-01-07,-0.0034399234310139,0.0041
2026-01-08,7.65482590914246e-05,-0.0073
2026-01-09,0.0064754870318832,0.0138
2026-01-10,,0.0
2026-01-11,,0.0
2026-01-12,0.0015776332151369,-0.0018
2026-01-13,-0.0019391230550597,0.0111
2026-01-14,-0.0053333604454995,0.0058
2026-01-15,0.0025799262171273,0.0065
2026-01-16,-0.0006423023039563,0.0006
2026-01-17,,0.0
2026-01-18,,0.0
2026-01-19,,0.0121
2026-01-20,-0.0206267580562774,-0.0144
2026-01-21,0.0115877413232745,0.0173
2026-01-22,0.0054875021926288,-0.0016
2026-01-23,0.0003268698377891,0.0049
2026-01-24,,0.0
2026-01-25,,0.0
2026-01-26,0.0050060830312763,-0.009
2026-01-27,0.0040818961771371,0.0275
2026-01-28,-8.172305219089626e-05,0.009
2026-01-29,-0.0012926312740076,0.0039
2026-01-30,-0.0043018996208942,-0.0064
2026-01-31,,0.0
2026-02-01,,0.0
2026-02-02,0.0053912661291679,-0.032
2026-02-03,-0.0084039830206983,0.0169
2026-02-04,-0.0050723919062231,0.0297
2026-02-05,-0.0122510155676747,-0.0221
2026-02-06,0.0196957966973359,-0.0199
2026-02-07,,0.0
2026-02-08,,0.0
2026-02-09,0.0046910867168872,0.019
2026-02-10,-0.0033037129754581,0.0177
2026-02-11,-4.895607156218951e-05,-0.0228
2026-02-12,-0.0156610121277019,0.0303
2026-02-13,0.0004990891480125,0.0137
2026-02-14,,0.0
2026-02-15,,0.0
2026-02-16,,0.0152
2026-02-17,0.0010313220779065,0.0032
2026-02-18,0.0055660701474107,0.0017
2026-02-19,-0.0028221256867719,-0.0051
2026-02-20,0.0069397247635067,-0.0011
2026-02-21,,0.0
2026-02-22,,0.0
2026-02-23,-0.0103856522472848,0.0134
2026-02-24,0.0076516140863223,0.0185
2026-02-25,0.0081363556573399,0.0027
2026-02-26,-0.0053655805693283,-0.0089
2026-02-27,-0.0043393528110311,0.0125
2026-02-28,,0.0
2026-03-01,,-0.0001
2026-03-02,0.0003983547353176,-0.0038
2026-03-03,-0.0094440310956254,-0.0199
2026-03-04,0.0077560492642863,-0.0322
2026-03-05,-0.005646704863891,0.0133
2026-03-06,-0.0132767958125692,-0.0084
2026-03-07,,-0.0
2026-03-08,,-0.0
2026-03-09,0.0083041615131052,-0.041
2026-03-10,-0.0021351198877325,0.0275
2026-03-11,-0.0008376012017449,0.0071
2026-03-12,-0.0152276765067085,-0.0011
2026-03-13,-0.0060591154705643,0.0128
2026-03-14,,-0.0
2026-03-15,,-0.0
2026-03-16,0.0101308831622519,0.0008
2026-03-17,0.0024942548757938,-0.0231
2026-03-18,-0.0136075678800734,0.02
2026-03-19,-0.0027487977418789,-0.0145
2026-03-20,-0.0151381823567792,-0.0116
2026-03-21,,-0.0
2026-03-22,,-0.0
2026-03-23,0.0114532004639904,-0.016
2026-03-24,-0.0037425745042546,-0.0114
2026-03-25,0.0054191243815093,0.0174
2026-03-26,-0.0174061723924167,-0.0083
2026-03-27,-0.0167218435210743,0.0025
2026-03-28,,-0.0
2026-03-29,,-0.0
2026-03-30,-0.0039457488286226,-0.0025
2026-03-31,0.0291311404710259,-0.0176
2026-04-01,0.0071685166848673,0.0119
2026-04-02,0.0011208758485563,-0.0153
2026-04-03,,0.0045
2026-04-04,,-0.0
2026-04-05,,-0.0
2026-04-06,0.0044267825126402,0.0034
2026-04-07,0.0007592481161695,0.0182
2026-04-08,0.0250814146441498,0.0121
2026-04-09,0.0061700235292931,-0.0045
2026-04-10,-0.0011385210916523,0.0135
2026-04-11,,-0.0
2026-04-12,,-0.0
2026-04-13,0.0101732749487482,0.0018
2026-04-14,0.0117828663647927,-0.0024
2026-04-15,0.0079757833553877,0.004
2026-04-16,0.0026099558353673,0.0039
2026-04-17,0.0120404636691509,-0.0022
2026-04-18,,-0.0
2026-04-19,,-0.0
2026-04-20,-0.0023743726176704,-0.0039
2026-04-21,-0.0063482179596729,-0.001
2026-04-22,0.0104600841689539,-0.001
2026-04-23,-0.0041328682670813,-0.0084
2026-04-24,0.0079736897979756,-0.0
2026-04-25,,-0.0
2026-04-26,,-0.0
2026-04-27,0.0012323767534654,-0.0026
2026-04-28,-0.0048941721875219,-0.0068
2026-04-29,-0.0003991720531409,-0.0019
2026-04-30,0.0102382399418219,-0.0261
2026-05-01,0.0029283288896571,-0.0037
2026-05-02,,-0.0
2026-05-03,,-0.0001
2026-05-04,-0.0040621893843342,0.0301
2026-05-05,0.0081200173376037,0.0009
2026-05-06,0.0145883303177942,0.0078
2026-05-07,-0.0038030953277848,0.0009
2026-05-08,0.0084257035334009,0.0039
2026-05-09,,-0.0
2026-05-10,,-0.0001
2026-05-11,0.0018799566475542,0.0081
2026-05-12,-0.0016026088601545,-0.0054
2026-05-13,0.0058492464884265,0.0127
2026-05-14,0.0076556045773583,0.0076
2026-05-15,-0.0123633201280517,-0.0325
2026-05-16,,-0.0
2026-05-17,,-0.0001
2026-05-18,-0.0007356678561787,0.0011
2026-05-19,-0.0066783207881359,-0.014
2026-05-20,0.0107920263704455,0.0027
2026-05-21,0.0017153304306989,0.0105
2026-05-22,0.0037269732409066,0.005
2026-05-23,,-0.0
2026-05-24,,-0.0001
2026-05-25,,0.0138
2026-05-26,0.0061082604240638,0.0006
2026-05-27,0.0001648791446908,-0.0104
2026-05-28,0.0057537166196686,-0.0145
2026-05-29,0.0021722606785117,-0.0014
2026-05-30,,-0.0
2026-05-31,,-0.0001
2026-06-01,0.0026252961308912,
2026-06-02,0.0012920889411551,
2026-06-03,-0.0073720411048462,
2026-06-04,0.0040549615683631,
2026-06-05,-0.0264453618943868,
2026-06-08,0.0029781310549599,
2026-06-09,-0.0025763939780845,
2026-06-10,-0.0161994502989484,
2026-06-11,0.0175188855642447,
2026-06-12,0.005025513873057,
2026-06-15,0.0165283912946634,
2026-06-16,-0.0056841796097597,
2026-06-17,-0.0121482821082288,
2026-06-18,0.0108462122356234,
2026-06-22,-0.0037050519790526,
2026-06-23,-0.0143627851932081,
2026-06-24,-0.0009829319733113,
2026-06-25,-9.92061187945481e-05,
2026-06-26,-0.0004716574175711,
2026-06-29,0.011750057250389,
2026-06-30,0.0079201989814805,
2026-07-01,-0.002150834618762,
